Source,Target
Alanus,cera
Alanus,latus
Alanus,sacrarium
Alanus,sero
Alanus,amor
Alanus,collis
Alanus,lectus
Alanus,regulus
Alanus,pulso
Alanus,confero
Alanus,euellere
Alanus,uenenum
Alanus,emulor
Alanus,nouus
Alanus,stadium
Alanus,laus
Alanus,liueo
Alanus,brachium
Alanus,magnificentia
Alanus,bos
Alanus,lacryma
Alanus,saluo
Alanus,imago
Alanus,malleus
Alanus,uterus
Alanus,dispergo
Alanus,maneo
Alanus,securis
Alanus,expello
Alanus,torcular
Alanus,granum
Alanus,iota
Alanus,tunica
Alanus,sinapi
Alanus,uriuium
Alanus,zona
Alanus,axella
Alanus,scrupulus
Alanus,absquo
Alanus,casus
Alanus,fidelis
Alanus,soluo
Alanus,miles
Alanus,teneo
Alanus,uaco
Alanus,spiro
Alanus,malleolus
Alanus,emitto
Alanus,fulgur
Alanus,retro
Alanus,meridies
Alanus,manna
Alanus,uictoria
Alanus,murmuro
Alanus,impleo
Alanus,susurrium
Alanus,agricultura
Alanus,occurro
Alanus,sacrus
Alanus,tortor
Alanus,dromedarius
Alanus,dissipo
Alanus,cincinnus
Alanus,diplois
Alanus,putredo
Alanus,esca
Alanus,cingulum
Alanus,cassia
Alanus,fingo
Alanus,fluuius
Alanus,feteo
Alanus,oculus
Alanus,tympanum
Alanus,uirgo
Alanus,necessarius
Alanus,infernus
Alanus,cilicium
Alanus,pono
Alanus,tonitruum
Alanus,coruus
Alanus,extra
Alanus,planto
Alanus,femur
Alanus,ululor
Alanus,uber
Alanus,olus
Alanus,fistula
Alanus,tornatilis
Alanus,barbarus
Alanus,uenio
Alanus,ianua
Alanus,ambitus
Alanus,subsellium
Alanus,abio
Alanus,framea
Alanus,nolo
Alanus,sicut
Alanus,lamia
Alanus,caligo
Alanus,tribuo
Alanus,mitto
Alanus,signo
Alanus,later
Alanus,inanis
Alanus,misericordia
Alanus,quando
Alanus,iudea
Alanus,chorus
Alanus,inuenio
Alanus,credo
Alanus,uellus
Alanus,reddo
Alanus,tribunal
Alanus,locusta
Alanus,ostium
Alanus,cor
Alanus,uindemio
Alanus,torreo
Alanus,morior
Alanus,quesdeo
Alanus,aceruus
Alanus,cognosco
Alanus,finis
Alanus,cado
Alanus,loquela
Alanus,spiritus
Alanus,uia
Alanus,consto
Alanus,uertigo
Alanus,botrus
Alanus,costa
Alanus,uermiculus
Alanus,scama
Alanus,satio
Alanus,stercus
Alanus,chamus
Alanus,hereditas
Alanus,trabes
Alanus,predestinatio
Alanus,luceo
Alanus,tumeo
Alanus,semino
Alanus,tentaor
Alanus,fama
Alanus,ludo
Alanus,diligo
Alanus,palma
Alanus,beatus
Alanus,spolio
Alanus,tantus
Alanus,tropeum
Alanus,sudarium
Alanus,poculum
Alanus,deficio
Alanus,luna
Alanus,meto
Alanus,mandragora
Alanus,pannus
Alanus,stratum
Alanus,solitudo
Alanus,testa
Alanus,polluo
Alanus,spurius
Alanus,initium
Alanus,iumentum
Alanus,nescio
Alanus,pleiades
Alanus,lana
Alanus,malus
Alanus,creatura
Alanus,area
Alanus,areola
Alanus,aro
Alanus,bellum
Alanus,genuum
Alanus,tectum
Alanus,sequor
Alanus,regula
Alanus,diluculum
Alanus,pater
Alanus,lego
Alanus,corpus
Alanus,ligo
Alanus,abeo
Alanus,plenus
Alanus,dextera
Alanus,senectus
Alanus,suggillo
Alanus,caupo
Alanus,fauilla
Alanus,platanus
Alanus,infero
Alanus,uendo
Alanus,fides
Alanus,nitrum
Alanus,tributum
Alanus,minister
Alanus,mollis
Alanus,parum
Alanus,uentus
Alanus,lucerna
Alanus,triclinium
Alanus,rana
Alanus,zelo
Alanus,uilla
Alanus,columna
Alanus,uacillo
Alanus,merces
Alanus,uisio
Alanus,uindemia
Alanus,tumulus
Alanus,calculus
Alanus,tres
Alanus,sustineo
Alanus,massa
Alanus,substantia
Alanus,uagina
Alanus,uirtus
Alanus,uesper
Alanus,uiuus
Alanus,principatus
Alanus,uiduus
Alanus,lignum
Alanus,magus
Alanus,elementum
Alanus,iudas
Alanus,uir
Alanus,amygdalus
Alanus,sepelio
Alanus,hircus
Alanus,bestia
Alanus,zelotes
Alanus,stillicidium
Alanus,cauerna
Alanus,turba
Alanus,uerax
Alanus,scorpio
Alanus,templum
Alanus,gula
Alanus,sacrifico
Alanus,purgo
Alanus,angulus
Alanus,diuitie
Alanus,cursus
Alanus,olla
Alanus,strophea
Alanus,passio
Alanus,ethiops
Alanus,pereo
Alanus,talentum
Alanus,uenter
Alanus,spelunca
Alanus,thesaurus
Alanus,plaustrum
Alanus,aruinus
Alanus,fodio
Alanus,lex
Alanus,clauus
Alanus,primogenitus
Alanus,fero
Alanus,gusto
Alanus,tropologia
Alanus,aromum
Alanus,tepidus
Alanus,nardus
Alanus,iustitia
Alanus,tignum
Alanus,modicus
Alanus,pascha
Alanus,creo
Alanus,carcer
Alanus,percutio
Alanus,equus
Alanus,liqueo
Alanus,funis
Alanus,pilus
Alanus,cataracte
Alanus,usia
Alanus,custos
Alanus,flamma
Alanus,mereo
Alanus,usura
Alanus,grando
Alanus,pomum
Alanus,cibo
Alanus,ferrum
Alanus,exsurgo
Alanus,idiota
Alanus,rectus
Alanus,ungo
Alanus,orbis
Alanus,auditus
Alanus,paradisus
Alanus,occido
Alanus,facio
Alanus,pactum
Alanus,prophetissa
Alanus,piger
Alanus,compeo
Alanus,senex
Alanus,uirgultum
Alanus,nomen
Alanus,semissis
Alanus,facula
Alanus,sapio
Alanus,pyrgus
Alanus,minor
Alanus,frenum
Alanus,capillus
Alanus,rogo
Alanus,paro
Alanus,expono
Alanus,ue
Alanus,superbia
Alanus,aduersus
Alanus,respicio
Alanus,ultra
Alanus,orio
Alanus,incensum
Alanus,calcedonius
Alanus,zelus
Alanus,simplex
Alanus,lampas
Alanus,honor
Alanus,dens
Alanus,preter
Alanus,psalmus
Alanus,gigno
Alanus,pretiosus
Alanus,sagitta
Alanus,agnus
Alanus,orphanus
Alanus,ueper
Alanus,scriba
Alanus,ungula
Alanus,tutor
Alanus,uerto
Alanus,grauo
Alanus,stirps
Alanus,sapientia
Alanus,rosa
Alanus,pietas
Alanus,letor
Alanus,intellectus
Alanus,scabellum
Alanus,asto
Alanus,pallium
Alanus,theophania
Alanus,sepulcrum
Alanus,uiator
Alanus,planum
Alanus,radix
Alanus,ago
Alanus,scio
Alanus,carmelus
Alanus,murenula
Alanus,truncus
Alanus,urbs
Alanus,mendax
Alanus,tritura
Alanus,populus
Alanus,suscito
Alanus,thalamus
Alanus,tonus
Alanus,iustus
Alanus,telonium
Alanus,uulpes
Alanus,flumen
Alanus,dulia
Alanus,uentilabrum
Alanus,paruulus
Alanus,subiiero
Alanus,somnus
Alanus,hodie
Alanus,stagnum
Alanus,catulus
Alanus,marmor
Alanus,rete
Alanus,aura
Alanus,nauis
Alanus,saturo
Alanus,relinquo
Alanus,tibia
Alanus,ferus
Alanus,sterilis
Alanus,sarmentum
Alanus,uitula
Alanus,christus
Alanus,bonus
Alanus,fenum
Alanus,estus
Alanus,flatus
Alanus,uigilo
Alanus,forma
Alanus,tilia
Alanus,lacto
Alanus,damno
Alanus,nihil
Alanus,passer
Alanus,fauus
Alanus,latibulum
Alanus,uincio
Alanus,nouacula
Alanus,saxum
Alanus,tormentum
Alanus,pupillus
Alanus,digitus
Alanus,manduco
Alanus,uoco
Alanus,uetus
Alanus,clypeus
Alanus,caro
Alanus,ascendo
Alanus,fenestra
Alanus,audio
Alanus,gallus
Alanus,germino
Alanus,reminiscor
Alanus,lauo
Alanus,muto
Alanus,plumbum
Alanus,fornax
Alanus,ianitor
Alanus,moueo
Alanus,reliquie
Alanus,nidus
Alanus,myrrha
Alanus,catena
Alanus,penitentia
Alanus,camelus
Alanus,plumarium
Alanus,lapis
Alanus,laqueus
Alanus,sedes
Alanus,candor
Alanus,latitudo
Alanus,dragma
Alanus,uolo
Alanus,amicus
Alanus,lorica
Alanus,so
Alanus,pecunia
Alanus,biblus
Alanus,uictima
Alanus,uinea
Alanus,contero
Alanus,sudor
Alanus,puer
Alanus,fescennie
Alanus,cito
Alanus,annulus
Alanus,uultur
Alanus,peccator
Alanus,urtica
Alanus,chrysoprasus
Alanus,uua
Alanus,clibanus
Alanus,repleo
Alanus,canalis
Alanus,cadauer
Alanus,lumen
Alanus,pruna
Alanus,fumus
Alanus,uultus
Alanus,cinnamomum
Alanus,pusillus
Alanus,discus
Alanus,inimicus
Alanus,uerbum
Alanus,liquefacio
Alanus,probo
Alanus,sinceritas
Alanus,adolescentula
Alanus,dux
Alanus,cortex
Alanus,mens
Alanus,ueritas
Alanus,frons
Alanus,arcus
Alanus,deus
Alanus,uliua
Alanus,quin
Alanus,lactuca
Alanus,tentorium
Alanus,soror
Alanus,frumentum
Alanus,babylon
Alanus,agricola
Alanus,organum
Alanus,dimitto
Alanus,biothanatus
Alanus,paries
Alanus,uomitus
Alanus,leuis
Alanus,idolum
Alanus,familia
Alanus,tempestas
Alanus,ira
Alanus,cena
Alanus,sublimis
Alanus,unicus
Alanus,figura
Alanus,topazius
Alanus,animalis
Alanus,lilium
Alanus,tempus
Alanus,arcturus
Alanus,diabolus
Alanus,cardo
Alanus,nubes
Alanus,pars
Alanus,metior
Alanus,transitus
Alanus,tonitrus
Alanus,mundus
Alanus,contingo
Alanus,redimo
Alanus,pascuum
Alanus,effundo
Alanus,simpliciter
Alanus,magnus
Alanus,atrium
Alanus,quadriga
Alanus,ieiunium
Alanus,altus
Alanus,antemurale
Alanus,rubrus
Alanus,energia
Alanus,uermis
Alanus,cartilago
Alanus,quadro
Alanus,araneus
Alanus,scintilla
Alanus,compositio
Alanus,legatus
Alanus,humanus
Alanus,manus
Alanus,quercus
Alanus,meretrix
Alanus,magnifico
Alanus,proximus
Alanus,natura
Alanus,serra
Alanus,accipiter
Alanus,mamma
Alanus,sto
Alanus,dies
Alanus,uentilo
Alanus,euum
Alanus,fatum
Alanus,dolo
Alanus,tenerus
Alanus,parturio
Alanus,lambo
Alanus,scandalum
Alanus,que
Alanus,desertum
Alanus,nascor
Alanus,parco
Alanus,cithara
Alanus,eternum
Alanus,mendacium
Alanus,suppono
Alanus,erugo
Alanus,titulus
Alanus,uoluptas
Alanus,licet
Alanus,quaestio
Alanus,celum
Alanus,permitto
Alanus,iaculum
Alanus,laudo
Alanus,torus
Alanus,obesus
Alanus,marsupium
Alanus,lecythus
Alanus,fouea
Alanus,profundum
Alanus,obturo
Alanus,semel
Alanus,sacrificium
Alanus,crux
Alanus,quadrus
Alanus,gradus
Alanus,dedico
Alanus,perfectus
Alanus,uuuentus
Alanus,uestis
Alanus,onager
Alanus,iuuenis
Alanus,palmes
Alanus,stola
Alanus,obuio
Alanus,pulex
Alanus,iacinthus
Alanus,fascino
Alanus,alias
Alanus,cras
Alanus,crus
Alanus,iris
Alanus,tumor
Alanus,operor
Alanus,pullus
Alanus,nauigium
Alanus,totus
Alanus,taxus
Alanus,tradux
Alanus,filum
Alanus,campus
Alanus,putatio
Alanus,temperantia
Alanus,patior
Alanus,homo
Alanus,presaepe
Alanus,nosco
Alanus,supercilium
Alanus,pulchritudo
Alanus,sono
Alanus,con
Alanus,arma
Alanus,candelabrum
Alanus,scribo
Alanus,bilibris
Alanus,claritas
Alanus,sol
Alanus,osculum
Alanus,stabulum
Alanus,principium
Alanus,labium
Alanus,accipio
Alanus,diues
Alanus,binus
Alanus,uillicus
Alanus,statera
Alanus,limus
Alanus,sera
Alanus,uter
Alanus,subsanno
Alanus,altitudo
Alanus,mane
Alanus,sonus
Alanus,dorsum
Alanus,amen
Alanus,introitus
Alanus,gurgustium
Alanus,ager
Alanus,aculeus
Alanus,ierichum
Alanus,primus
Alanus,cutis
Alanus,onocentaurus
Alanus,sanctus
Alanus,saliunca
Alanus,milia
Alanus,animal
Alanus,cecus
Alanus,similitudo
Alanus,grauis
Alanus,ierusalem
Alanus,capio
Alanus,maceria
Alanus,auris
Alanus,sedeo
Alanus,psalterium
Alanus,ouilis
Alanus,putridus
Alanus,similiter
Alanus,tympanistrium
Alanus,tuba
Alanus,spes
Alanus,diluuium
Alanus,toga
Alanus,fabula
Alanus,gressus
Alanus,introeo
Alanus,telum
Alanus,medicus
Alanus,plenitudo
Alanus,uinculum
Alanus,hordeum
Alanus,nimis
Alanus,potestas
Alanus,adsum
Alanus,tabernaculum
Alanus,mons
Alanus,basis
Alanus,thuribulum
Alanus,circuio
Alanus,fermentum
Alanus,tinum
Alanus,renis
Alanus,monile
Alanus,arundo
Alanus,thronus
Alanus,sileo
Alanus,miror
Alanus,glorior
Alanus,panis
Alanus,lapido
Alanus,labor
Alanus,uena
Alanus,potus
Alanus,scopa
Alanus,gazophylacium
Alanus,modus
Alanus,sagena
Alanus,uehemens
Alanus,fel
Alanus,immitto
Alanus,mechor
Alanus,carmen
Alanus,scrutor
Alanus,nudus
Alanus,usquequo
Alanus,trutino
Alanus,militao
Alanus,excuto
Alanus,necessitas
Alanus,fons
Alanus,contritio
Alanus,muscipula
Alanus,trinitas
Alanus,iubilus
Alanus,uigilia
Alanus,sponsa
Alanus,sanitas
Alanus,onus
Alanus,egyptus
Alanus,nycticorax
Alanus,uita
Alanus,palpebr
Alanus,cauma
Alanus,frango
Alanus,humilio
Alanus,figulus
Alanus,uenundo
Alanus,sibilo
Alanus,israel
Alanus,refero
Alanus,thus
Alanus,mensis
Alanus,cedrus
Alanus,canis
Alanus,floreo
Alanus,sino
Alanus,corona
Alanus,aurora
Alanus,libanus
Alanus,calceamentum
Alanus,uocalis
Alanus,crassitudo
Alanus,gene
Alanus,perdo
Alanus,cibus
Alanus,durus
Alanus,uoluntas
Alanus,serpens
Alanus,umbilicus
Alanus,mater
Alanus,qualis
Alanus,flamen
Alanus,tenebra
Alanus,iugum
Alanus,platea
Alanus,coram
Alanus,quadruplex
Alanus,syon
Alanus,germen
Alanus,surgo
Alanus,ioseph
Alanus,gradio
Alanus,immolo
Alanus,stipula
Alanus,bilis
Alanus,artifex
Alanus,iuncus
Alanus,bibo
Alanus,struthio
Alanus,uiaticum
Alanus,adoro
Alanus,quero
Alanus,reuerot
Alanus,unguentum
Alanus,pauper
Alanus,timor
Alanus,caprea
Alanus,tono
Alanus,forsitan
Alanus,tribulus
Alanus,circuitus
Alanus,iacob
Alanus,coma
Alanus,terminus
Alanus,byssus
Alanus,fructus
Alanus,sacramentum
Alanus,signum
Alanus,usque
Alanus,recedo
Alanus,troia
Alanus,mola
Alanus,hymnus
Alanus,perdix
Alanus,nux
Alanus,persona
Alanus,procedo
Alanus,tetragrammaton
Alanus,etas
Alanus,hora
Alanus,uitrum
Alanus,crocus
Alanus,quidam
Alanus,signaculum
Alanus,sus
Alanus,culmus
Alanus,mel
Alanus,ros
Alanus,aperio
Alanus,corruptio
Alanus,benedico
Alanus,calix
Alanus,peniteo
Alanus,uallis
Alanus,petra
Alanus,tristitia
Alanus,semis
Alanus,bruchus
Alanus,uanus
Alanus,mensa
Alanus,uersus
Alanus,uideo
Alanus,arca
Alanus,ingredior
Alanus,abyssus
Alanus,lagena
Alanus,inde
Alanus,clauis
Alanus,specula
Alanus,rota
Alanus,uapor
Alanus,accubitus
Alanus,torquo
Alanus,euge
Alanus,liuor
Alanus,loquor
Alanus,peccatum
Alanus,luter
Alanus,gloria
Alanus,faucis
Alanus,sano
Alanus,pruina
Alanus,tropus
Alanus,decor
Alanus,uerber
Alanus,urgeo
Alanus,triumpho
Alanus,eo
Alanus,quartus
Alanus,aula
Alanus,murus
Alanus,puteus
Alanus,pastor
Alanus,natalis
Alanus,gratia
Alanus,primitie
Alanus,ambulo
Alanus,utor
Alanus,holocaustum
Alanus,sors
Alanus,ebur
Alanus,domo
Alanus,sindon
Alanus,fossa
Alanus,instantia
Alanus,furor
Alanus,pax
Alanus,sanguis
Alanus,contra
Alanus,roro
Alanus,morsus
Alanus,uxor
Alanus,apis
Alanus,gero
Alanus,militia
Alanus,laboro
Alanus,acus
Alanus,piscina
Alanus,scapula
Alanus,adamas
Alanus,hedus
Alanus,melior
Alanus,rapina
Alanus,accedo
Alanus,cortina
Alanus,diadema
Alanus,pluo
Alanus,falx
Alanus,uolucris
Alanus,leena
Alanus,mitis
Alanus,nuptia
Alanus,motus
Alanus,acies
Alanus,pharetra
Alanus,crater
Alanus,insula
Alanus,uulnero
Alanus,dormio
Alanus,collum
Alanus,buxus
Alanus,pinguedo
Alanus,minimus
Alanus,sterto
Alanus,aspis
Alanus,titio
Alanus,sphera
Alanus,odor
Alanus,maledico
Alanus,thymiamum
Alanus,uirginitas
Alanus,egredior
Alanus,caminus
Alanus,scutum
Alanus,clamo
Alanus,testamentum
Alanus,crystallus
Alanus,statura
Alanus,uestitus
Alanus,azymus
Alanus,solium
Alanus,uespa
Alanus,humus
Alanus,linum
Alanus,gaudeo
Alanus,uluuia
Alanus,herba
Alanus,rufus
Alanus,trituro
Alanus,umbra
Alanus,concupisco
Alanus,sermo
Alanus,cherubin
Alanus,coluber
Alanus,pre
Alanus,sacerdos
Alanus,ericius
Alanus,berillus
Alanus,fasciculus
Alanus,aer
Alanus,frendo
Alanus,terra
Alanus,preco
Alanus,chorda
Alanus,angelus
Alanus,semen
Alanus,pix
Alanus,iecur
Alanus,pecus
Alanus,leuo
Alanus,describo
Alanus,baculus
Alanus,testimonium
Alanus,ambitio
Alanus,habeo
Alanus,amethystus
Alanus,caput
Alanus,uernus
Alanus,sitio
Alanus,humanitas
Alanus,silicum
Alanus,cancellus
Alanus,uox
Alanus,quasi
Alanus,columba
Alanus,pardus
Alanus,uerus
Alanus,sporta
Alanus,gyrus
Alanus,proprium
Alanus,tunc
Alanus,sacerdotium
Alanus,smaragdus
Alanus,propter
Alanus,oro
Alanus,greek.expression
Alanus,uicinus
Alanus,gigas
Alanus,pario
Alanus,infirmus
Alanus,callis
Alanus,nix
Alanus,cornu
Alanus,curo
Alanus,argentum
Alanus,magnitudo
Alanus,tremeo
Alanus,hydria
Alanus,prope
Alanus,fulgurum
Alanus,zeta
Alanus,foueo
Alanus,ecclesia
Alanus,phiala
Alanus,hiems
Alanus,maxilla
Alanus,hasta
Alanus,ueruix
Alanus,canticum
Alanus,zyma
Alanus,chrysolithus
Alanus,cophinus
Alanus,sinus
Alanus,tabula
Alanus,sardonix
Alanus,supra
Alanus,cathedra
Alanus,opus
Alanus,trabea
Alanus,unicornis
Alanus,talis
Alanus,clamor
Alanus,uestigium
Alanus,estas
Alanus,humilitas
Alanus,lacus
Alanus,aresco
Alanus,sinister
Alanus,nato
Alanus,rupes
Alanus,tegmen
Alanus,uanitas
Alanus,sulcus
Alanus,altilis
Alanus,ignis
Alanus,deleo
Alanus,tendo
Alanus,uicus
Alanus,fremo
Alanus,uiscus
Alanus,paliurus
Alanus,uestio
Alanus,uinum
Alanus,uuum
Alanus,geniee
Alanus,postulo
Alanus,considero
Alanus,liquo
Alanus,princeps
Alanus,uerecundia
Alanus,obedio
Alanus,aqua
Alanus,intra
Alanus,circulus
Alanus,stella
Alanus,suscipio
Alanus,aurichalcum
Alanus,leo
Alanus,aquila
Alanus,lucta
Alanus,conuenio
Alanus,pauimentum
Alanus,gladius
Alanus,cribro
Alanus,lustrum
Alanus,uuis
Alanus,aratrum
Alanus,sepes
Alanus,sincerus
Alanus,demonium
Alanus,uas
Alanus,uisito
Alanus,amaritudo
Alanus,mercenarius
Alanus,uirga
Alanus,latro
Alanus,uernaculum
Alanus,preputium
Alanus,scyphus
Alanus,ecce
Alanus,iniquitas
Alanus,iter
Alanus,locus
Alanus,uireo
Alanus,littera
Alanus,uestimentum
Alanus,fames
Alanus,butyrum
Alanus,fimbria
Alanus,colligo
Alanus,confundo
Alanus,terto
Alanus,frater
Alanus,oleum
Alanus,linteum
Alanus,uro
Alanus,hamus
Alanus,neruus
Alanus,synodus
Alanus,testudo
Alanus,scala
Alanus,pectus
Alanus,uetustas
Alanus,sopor
Alanus,lo
Alanus,remitto
Alanus,messis
Alanus,manica
Alanus,nunc
Alanus,nequitia
Alanus,quassatio
Alanus,aries
Alanus,poto
Alanus,turbo
Alanus,rhinoceros
Alanus,triticum
Alanus,propheta
Alanus,fugio
Alanus,ferramentum
Alanus,iaspis
Alanus,charitas
Alanus,lucifer
Alanus,schema
Alanus,mus
Alanus,transeo
Alanus,grex
Alanus,species
Alanus,mansio
Alanus,guttur
Alanus,aloe
Alanus,supplanto
Alanus,mare
Alanus,dico
Alanus,nox
Alanus,porto
Alanus,depono
Alanus,fulmen
Alanus,anima
Alanus,monstrum
Alanus,dulcis
Alanus,lingua
Alanus,ursus
Alanus,simul
Alanus,asinus
Alanus,iuro
Alanus,rex
Alanus,lepra
Alanus,ficus
Alanus,pungo
Alanus,impono
Alanus,lutum
Alanus,pugno
Alanus,ulne
Alanus,denarius
Alanus,scirpus
Alanus,piscis
Alanus,gleba
Alanus,subeo
Alanus,deduco
Alanus,eruca
Alanus,dauid
Alanus,pugillus
Alanus,ferculum
Alanus,cubile
Alanus,saccus
Alanus,uado
Alanus,ouis
Alanus,hortus
Alanus,farina
Alanus,uitta
Alanus,pena
Alanus,septuplum
Alanus,mollio
Alanus,uacca
Alanus,uiror
Alanus,munus
Alanus,terribilis
Alanus,uolutabrum
Alanus,uitulus
Alanus,uulua
Alanus,antrum
Alanus,do
Alanus,mortalis
Alanus,propheto
Alanus,trado
Alanus,medius
Alanus,ceruus
Alanus,folium
Alanus,occasus
Alanus,hostia
Alanus,oleaster
Alanus,responsum
Alanus,annus
Alanus,pupilla
Alanus,thorax
Alanus,zephyrus
Alanus,ciuitas
Alanus,unguis
Alanus,tribulatio
Alanus,domus
Alanus,colo
Alanus,excludo
Alanus,reptilis
Alanus,anulus
Alanus,lac
Alanus,quadrans
Alanus,turtur
Alanus,mulus
Alanus,concubina
Alanus,fornicor
Alanus,ruina
Alanus,os
Alanus,calamus
Alanus,mordeo
Alanus,sensus
Alanus,scoria
Alanus,subduco
Alanus,scrutinium
Alanus,herodius
Alanus,descendo
Alanus,secundus
Alanus,rapio
Alanus,salutare
Alanus,curro
Alanus,consul
Alanus,ualitudo
Alanus,uastitas
Alanus,sterno
Alanus,humilis
Alanus,surdus
Alanus,uipera
Alanus,penna
Alanus,clerus
Alanus,silentium
Alanus,naris
Alanus,maiestas
Alanus,delictum
Alanus,intro
Alanus,iordanes
Alanus,iudicium
Alanus,pellis
Alanus,lupus
Alanus,iacto
Alanus,macto
Alanus,cedo
Alanus,confessio
Alanus,carbo
Alanus,assumo
Alanus,regno
Alanus,spina
Alanus,transfiguro
Alanus,uilua
Alanus,uinco
Alanus,arbor
Alanus,niger
Alanus,tenuis
Alanus,turpis
Alanus,planta
Alanus,putreo
Alanus,salix
Alanus,generatio
Alanus,acetum
Alanus,trulla
Alanus,genus
Alanus,uulnus
Alanus,adeps
Alanus,hinnio
Alanus,pateo
Alanus,liber
Alanus,iacio
Alanus,fetus
Alanus,tedero
Alanus,ulmus
Alanus,spica
Alanus,scientia
Alanus,pasco
Alanus,multus
Alanus,ala
Alanus,sulphur
Alanus,pes
Alanus,prelium
Alanus,lauacrum
Alanus,formo
Alanus,memoria
Alanus,sal
Alanus,basiliscus
Alanus,sycomorus
Alanus,cuneus
Alanus,ordo
Alanus,mors
Alanus,cataclysmus
Alanus,comedo
Alanus,uelamen
Alanus,altare
Alanus,saliua
Alanus,situla
Alanus,semita
Alanus,interitus
Alanus,imber
Alanus,uelamentum
Alanus,confiteor
Alanus,inclino
Alanus,minuo
Alanus,habito
Alanus,cauda
Alanus,tabesco
Alanus,sardius
Alanus,recenseo
Alanus,sapphirus
Alanus,calor
Alanus,musca
Alanus,absintium
Alanus,fur
Alanus,lux
Alanus,nasus
Alanus,mensura
Alanus,donum
Alanus,hinnulus
Alanus,porta
Alanus,uiuo
Alanus,uitis
Alanus,aquilo
Alanus,censeo
Alanus,castra
Alanus,filius
Alanus,uotum
Alanus,usiosis
Alanus,tollo
Alanus,stragulum
Alanus,nebula
Alanus,uectis
Alanus,morbus
Alanus,speculum
Alanus,opportunitas
Alanus,res
Alanus,fex
Alanus,spiraculum
Alanus,lancea
Alanus,spolium
Alanus,nego
Alanus,fragmen
Alanus,ratio
Alanus,mulier
Alanus,exeo
Alanus,thesaurizo
Alanus,arena
Alanus,epiphania
Alanus,pinguis
Alanus,tinea
Alanus,myrtus
Alanus,donec
Alanus,uertex
Alanus,seruus
Alanus,numero
Alanus,macula
Alanus,memor
Alanus,lectulus
Alanus,draco
Alanus,suffero
Alanus,torrens
Alanus,palea
Alanus,capparis
Alanus,arista
Alanus,zizania
Alanus,calcaneus
Alanus,mutus
Alanus,odio
Alanus,traho
Alanus,institor
Alanus,auster
Alanus,emissarius
Alanus,regnum
Alanus,cymbalum
Alanus,humerus
Alanus,baptismus
Alanus,trio
Alanus,gutta
Alanus,symbolum
Alanus,buccina
Alanus,legio
Alanus,pisticum
Alanus,ramus
Alanus,supero
Alanus,cinis
Alanus,rhamnus
Alanus,gurges
Alanus,character
Alanus,stylus
Alanus,aurum
Alanus,modius
Alanus,barba
Alanus,ululatus
Alanus,tigris
Alanus,cano
Alanus,flos
Alanus,sanctifico
Alanus,salus
Alanus,tugurium
Alanus,uomer
Alanus,superliminare
Alanus,laquearium
Alanus,fruor
Alanus,sabbatum
Alanus,tabes
Alanus,fluctus
Alanus,consilium
Alanus,currus
Alanus,hyssopus
Alanus,taurus
Alanus,typus
Alanus,turris
Alanus,uuluis
Alanus,numerus
Petrus,clamor
Petrus,agnus
Petrus,caelus
Petrus,iste
Petrus,mortaliter
Petrus,humilitas
Petrus,latus
Petrus,lacus
Petrus,mortuus
Petrus,similiter
Petrus,falsitas
Petrus,alter
Petrus,ductilis
Petrus,sollicitudo
Petrus,tuba
Petrus,singulariter
Petrus,amor
Petrus,aranea
Petrus,seruo
Petrus,lectus
Petrus,adulterium
Petrus,itero
Petrus,funiculus
Petrus,repetitio
Petrus,sapientia
Petrus,pulso
Petrus,ignis
Petrus,spes
Petrus,subtraho
Petrus,refrigerium
Petrus,intellectus
Petrus,madalena
Petrus,elemosina
Petrus,letania
Petrus,abutor
Petrus,discordo
Petrus,patrinus
Petrus,doctrina
Petrus,doleo
Petrus,sicio
Petrus,euuangelistus
Petrus,corono
Petrus,flagellum
Petrus,insidie
Petrus,conparo
Petrus,occultus
Petrus,quiesco
Petrus,approbo
Petrus,uilitas
Petrus,sepulcrum
Petrus,continue
Petrus,nouus
Petrus,uexo
Petrus,concubitus
Petrus,menbrum
Petrus,hereticus
Petrus,uinum
Petrus,laus
Petrus,portunitas
Petrus,laycus
Petrus,rationalis
Petrus,scio
Petrus,maius
Petrus,brachium
Petrus,postulo
Petrus,considero
Petrus,ieiuno
Petrus,princeps
Petrus,uelo
Petrus,mendax
Petrus,calciamentum
Petrus,obedio
Petrus,populus
Petrus,equo
Petrus,suscito
Petrus,anxietas
Petrus,aqua
Petrus,iude
Petrus,status
Petrus,stella
Petrus,saluo
Petrus,extremus
Petrus,uinculum
Petrus,inperfectio
Petrus,leo
Petrus,septiformis
Petrus,nimis
Petrus,obediencia
Petrus,conuenio
Petrus,pauimentum
Petrus,fundamentum
Petrus,infidelis
Petrus,iuuens
Petrus,potestas
Petrus,uterus
Petrus,gracia
Petrus,gladius
Petrus,tabernaculum
Petrus,uicit
Petrus,uuis
Petrus,pharao
Petrus,iustus
Petrus,dolor
Petrus,multipliciter
Petrus,scilicet
Petrus,mons
Petrus,separatio
Petrus,religio
Petrus,detraho
Petrus,granum
Petrus,paruulus
Petrus,dignitas
Petrus,mundo
Petrus,decretum
Petrus,interior
Petrus,uas
Petrus,fermentum
Petrus,actio
Petrus,marium
Petrus,affligo
Petrus,calumpniator
Petrus,fuga
Petrus,capud
Petrus,intellego
Petrus,iubilatio
Petrus,scriptum
Petrus,magdalena
Petrus,quod
Petrus,columpne
Petrus,excelsi
Petrus,processio
Petrus,bonum
Petrus,inuitatio
Petrus,inmortalis
Petrus,grauitas
Petrus,uirga
Petrus,casus
Petrus,confringo
Petrus,uita
Petrus,iustificatio
Petrus,dubito
Petrus,confusio
Petrus,fidelis
Petrus,decimo
Petrus,oratio
Petrus,animus
Petrus,soluo
Petrus,sileo
Petrus,immundicia
Petrus,panis
Petrus,glorior
Petrus,teneo
Petrus,uespera
Petrus,preceptum
Petrus,iniquitas
Petrus,labor
Petrus,incarnatio
Petrus,caritas
Petrus,locus
Petrus,consumatio
Petrus,offo
Petrus,successio
Petrus,uos
Petrus,littera
Petrus,christus
Petrus,bonus
Petrus,innocentia
Petrus,modus
Petrus,illusio
Petrus,iusticia
Petrus,fames
Petrus,requies
Petrus,uestimentum
Petrus,fenum
Petrus,ablactatio
Petrus,grece
Petrus,chorea
Petrus,imperatiuus
Petrus,reliqio
Petrus,male
Petrus,alius
Petrus,manna
Petrus,precedo
Petrus,indolorius
Petrus,repeto
Petrus,impius
Petrus,inuidia
Petrus,forma
Petrus,confundo
Petrus,scrutor
Petrus,murmuro
Petrus,captiuitas
Petrus,differo
Petrus,frater
Petrus,occurro
Petrus,debeo
Petrus,oleum
Petrus,doctor
Petrus,nihil
Petrus,passer
Petrus,catholicus
Petrus,mendatium
Petrus,sacrus
Petrus,necessitas
Petrus,nouacula
Petrus,seruio
Petrus,missio
Petrus,confitebor
Petrus,scolasticus
Petrus,duo
Petrus,addisco
Petrus,dampnatio
Petrus,digitus
Petrus,distinguo
Petrus,scala
Petrus,temptatio
Petrus,appropinquo
Petrus,fons
Petrus,pectus
Petrus,diplois
Petrus,ilaritas
Petrus,manduco
Petrus,uoco
Petrus,sumo
Petrus,esca
Petrus,uetus
Petrus,incuruatio
Petrus,uigilia
Petrus,caro
Petrus,iubilus
Petrus,messis
Petrus,dominus
Petrus,exemplum
Petrus,ascendo
Petrus,egyptus
Petrus,augeo
Petrus,gramatica
Petrus,miraculum
Petrus,onus
Petrus,audio
Petrus,gallus
Petrus,reformo
Petrus,mutatio
Petrus,tonsura
Petrus,auror
Petrus,muto
Petrus,humilio
Petrus,placeo
Petrus,misericors
Petrus,perseueratio
Petrus,misereor
Petrus,set
Petrus,iudico
Petrus,ignorantia
Petrus,excessus
Petrus,mirra
Petrus,taciturnitas
Petrus,thus
Petrus,mensis
Petrus,iuramentum
Petrus,cedrus
Petrus,persecutio
Petrus,actus
Petrus,blasphemia
Petrus,moueo
Petrus,oculus
Petrus,refugium
Petrus,reliquie
Petrus,propheta
Petrus,canis
Petrus,uine
Petrus,uirgo
Petrus,uoueo
Petrus,cupiditas
Petrus,capitalis
Petrus,fugio
Petrus,diuiciis
Petrus,ardeo
Petrus,adulatio
Petrus,insidiae
Petrus,uenatio
Petrus,maledio
Petrus,necessarius
Petrus,corona
Petrus,uester
Petrus,uis
Petrus,infernus
Petrus,uacuus
Petrus,monachus
Petrus,pono
Petrus,lucifer
Petrus,superpono
Petrus,candidatio
Petrus,distinctio
Petrus,coruus
Petrus,calceamentum
Petrus,libanus
Petrus,penitentia
Petrus,materialis
Petrus,condicio
Petrus,predicatio
Petrus,regio
Petrus,euangelicus
Petrus,tercius
Petrus,transeo
Petrus,natiuitas
Petrus,armo
Petrus,lapis
Petrus,species
Petrus,pugno
Petrus,intelligentia
Petrus,uenio
Petrus,laqueus
Petrus,noster
Petrus,iohannes
Petrus,sedes
Petrus,articulus
Petrus,candor
Petrus,dico
Petrus,latitudo
Petrus,mortuo
Petrus,nox
Petrus,porto
Petrus,uolo
Petrus,amicus
Petrus,aureolus
Petrus,cibus
Petrus,tcio
Petrus,gallina
Petrus,columpna
Petrus,framea
Petrus,anima
Petrus,egressus
Petrus,uito
Petrus,mercator
Petrus,priuilegium
Petrus,sicut
Petrus,queror
Petrus,uoluntas
Petrus,dulcis
Petrus,gemo
Petrus,lingua
Petrus,primicia
Petrus,serpens
Petrus,tenebra
Petrus,iugum
Petrus,mitto
Petrus,pecco
Petrus,martirium
Petrus,rex
Petrus,syon
Petrus,septuagesimus
Petrus,signo
Petrus,reprobatio
Petrus,extasis
Petrus,inanis
Petrus,persecutor
Petrus,lutum
Petrus,ioseph
Petrus,misericordia
Petrus,antichristus
Petrus,iohhannes
Petrus,iudea
Petrus,appareo
Petrus,chorus
Petrus,contero
Petrus,fiducia
Petrus,decimus
Petrus,futurus
Petrus,prophetus
Petrus,culpa
Petrus,credo
Petrus,inuenio
Petrus,archa
Petrus,puer
Petrus,arbitrium
Petrus,apertus
Petrus,conpes
Petrus,integer
Petrus,piscis
Petrus,uellus
Petrus,gens
Petrus,hereses
Petrus,approbatio
Petrus,ocium
Petrus,petrus
Petrus,aduentus
Petrus,iustificacio
Petrus,paulominus
Petrus,peccator
Petrus,consortium
Petrus,serpentis
Petrus,idest
Petrus,difficultas
Petrus,genua
Petrus,qualiter
Petrus,uetustus
Petrus,innocens
Petrus,uermum
Petrus,melchisedech
Petrus,proditor
Petrus,maledictio
Petrus,redemptio
Petrus,candele
Petrus,excello
Petrus,incdo
Petrus,ouis
Petrus,quero
Petrus,uocaliter
Petrus,cor
Petrus,admodum
Petrus,luctus
Petrus,intestinus
Petrus,testis
Petrus,unguentum
Petrus,babilone
Petrus,contemplor
Petrus,habundantia
Petrus,diuido
Petrus,pauper
Petrus,huiusmodi
Petrus,eunuchus
Petrus,morior
Petrus,pena
Petrus,iuues
Petrus,timor
Petrus,propiciatio
Petrus,unitas
Petrus,infligo
Petrus,munus
Petrus,milito
Petrus,forsitan
Petrus,amao
Petrus,diuicius
Petrus,uitulus
Petrus,fumus
Petrus,do
Petrus,molestia
Petrus,aceruus
Petrus,mortalis
Petrus,noto
Petrus,propheto
Petrus,ter
Petrus,inimicus
Petrus,uerbum
Petrus,finis
Petrus,cado
Petrus,consensus
Petrus,auarus
Petrus,aureus
Petrus,spiritus
Petrus,medius
Petrus,fructus
Petrus,obscurus
Petrus,exalto
Petrus,egipto
Petrus,prefatio
Petrus,sacramentum
Petrus,signum
Petrus,gaudium
Petrus,mens
Petrus,ceruus
Petrus,latine
Petrus,commutatio
Petrus,uia
Petrus,scriptura
Petrus,spiritualiter
Petrus,defectus
Petrus,excommunicatio
Petrus,postulatio
Petrus,affectio
Petrus,timeo
Petrus,affero
Petrus,humiliatio
Petrus,offero
Petrus,saluator
Petrus,ancilla
Petrus,actiuus
Petrus,cognito
Petrus,mirabilus
Petrus,osculor
Petrus,stercus
Petrus,praedestinatio
Petrus,hostia
Petrus,mola
Petrus,numquam
Petrus,iherusalem
Petrus,deus
Petrus,inicium
Petrus,melius
Petrus,ops
Petrus,sacrifitium
Petrus,confredo
Petrus,hereditas
Petrus,conuerto
Petrus,exsisto
Petrus,predestinatio
Petrus,duplex
Petrus,promitto
Petrus,annus
Petrus,significo
Petrus,luceo
Petrus,acerus
Petrus,preuaricatio
Petrus,manifestus
Petrus,uulpis
Petrus,torcularum
Petrus,etas
Petrus,hora
Petrus,ciuitas
Petrus,beatitudo
Petrus,affectus
Petrus,defungo
Petrus,ieiunus
Petrus,incipio
Petrus,mirabilis
Petrus,reconsecro
Petrus,odium
Petrus,transmigratio
Petrus,frumentum
Petrus,domus
Petrus,respuo
Petrus,sanctificatio
Petrus,tribulatio
Petrus,iniuria
Petrus,palma
Petrus,beatus
Petrus,quidam
Petrus,maledictus
Petrus,homicidium
Petrus,signaculum
Petrus,litteratura
Petrus,flumis
Petrus,causa
Petrus,prelatus
Petrus,mel
Petrus,ros
Petrus,tantus
Petrus,uiue
Petrus,dimitto
Petrus,sudarium
Petrus,corruptio
Petrus,benedico
Petrus,calix
Petrus,peniteo
Petrus,deficio
Petrus,contemplatiuus
Petrus,cedr
Petrus,mansuetudo
Petrus,emulatio
Petrus,luna
Petrus,petra
Petrus,liberatio
Petrus,os
Petrus,antonomasice
Petrus,obsceratio
Petrus,quinque
Petrus,chaym
Petrus,uicium
Petrus,flagicium
Petrus,rector
Petrus,parasceue
Petrus,uanus
Petrus,laudatio
Petrus,cirographum
Petrus,solus
Petrus,mensa
Petrus,auerto
Petrus,doceo
Petrus,ira
Petrus,uideo
Petrus,consolatio
Petrus,unicus
Petrus,lapsus
Petrus,importo
Petrus,descendo
Petrus,secundus
Petrus,usurpo
Petrus,placo
Petrus,continentia
Petrus,polluo
Petrus,curro
Petrus,figura
Petrus,ingredior
Petrus,abyssus
Petrus,animalis
Petrus,hostium
Petrus,lilium
Petrus,tempus
Petrus,contempno
Petrus,diabolus
Petrus,occupatio
Petrus,nouitas
Petrus,recuso
Petrus,nubes
Petrus,innouatio
Petrus,remedium
Petrus,iumentum
Petrus,nescio
Petrus,quinquagenarius
Petrus,dedicatio
Petrus,intelligo
Petrus,euge
Petrus,creatura
Petrus,malus
Petrus,milicia
Petrus,iustifico
Petrus,silentium
Petrus,disputatio
Petrus,bellum
Petrus,peccatum
Petrus,abel
Petrus,delictum
Petrus,mentior
Petrus,intro
Petrus,mundus
Petrus,iudicium
Petrus,septimana
Petrus,gloria
Petrus,pellis
Petrus,recolo
Petrus,pater
Petrus,descensus
Petrus,redemo
Petrus,principalis
Petrus,edifico
Petrus,lego
Petrus,cogo
Petrus,corpus
Petrus,ligo
Petrus,increpo
Petrus,congregatio
Petrus,sano
Petrus,redoleo
Petrus,ypocrisis
Petrus,alleluia
Petrus,auaricia
Petrus,auari
Petrus,confessio
Petrus,congrego
Petrus,carbo
Petrus,corrumpo
Petrus,dextera
Petrus,dexterus
Petrus,effectus
Petrus,regimen
Petrus,purus
Petrus,tanquam
Petrus,triumpho
Petrus,missa
Petrus,hec
Petrus,idipse
Petrus,noticia
Petrus,senectus
Petrus,magnus
Petrus,oblatio
Petrus,uisitatio
Petrus,scola
Petrus,architectus
Petrus,atrium
Petrus,exordium
Petrus,mos
Petrus,erro
Petrus,uenator
Petrus,tolero
Petrus,ieiunium
Petrus,amo
Petrus,transfiguro
Petrus,uirginalis
Petrus,grauus
Petrus,mercennarius
Petrus,abicio
Petrus,dominicus
Petrus,abluo
Petrus,arbor
Petrus,dubitatio
Petrus,pastor
Petrus,apocripha
Petrus,benedictio
Petrus,dolus
Petrus,falsus
Petrus,respectus
Petrus,exaudio
Petrus,gratia
Petrus,corneus
Petrus,corrigo
Petrus,acriter
Petrus,cognitio
Petrus,uendo
Petrus,generatio
Petrus,fides
Petrus,erigo
Petrus,praeceptum
Petrus,araneus
Petrus,adoratio
Petrus,peregre
Petrus,coniugium
Petrus,bigamia
Petrus,nemo
Petrus,exprobro
Petrus,seculum
Petrus,declinatio
Petrus,duricia
Petrus,uix
Petrus,quatuor
Petrus,electio
Petrus,furor
Petrus,fornicatio
Petrus,genus
Petrus,aduoco
Petrus,humanus
Petrus,pax
Petrus,quadragenarius
Petrus,adiutorium
Petrus,presumptio
Petrus,oppono
Petrus,sanguis
Petrus,contra
Petrus,contemptus
Petrus,manus
Petrus,uentus
Petrus,contamino
Petrus,lucerna
Petrus,meretrix
Petrus,eradicatio
Petrus,utilis
Petrus,christianus
Petrus,ebrietas
Petrus,liber
Petrus,facilitas
Petrus,magnifico
Petrus,natura
Petrus,naturalis
Petrus,ethereus
Petrus,commendatio
Petrus,merces
Petrus,festino
Petrus,diuicia
Petrus,paupertas
Petrus,regulariter
Petrus,uxor
Petrus,sortior
Petrus,scientia
Petrus,laboro
Petrus,priuilegio
Petrus,alienus
Petrus,taceo
Petrus,temere
Petrus,semper
Petrus,uindicta
Petrus,uisio
Petrus,mechia
Petrus,aureola
Petrus,dies
Petrus,retineo
Petrus,dealbatio
Petrus,tres
Petrus,creatio
Petrus,tundo
Petrus,celorum
Petrus,antiphona
Petrus,pes
Petrus,fortis
Petrus,exultatio
Petrus,accedo
Petrus,adhereo
Petrus,elongatio
Petrus,increpatio
Petrus,diadema
Petrus,salubriter
Petrus,sustineo
Petrus,tantum
Petrus,lauacrum
Petrus,substantia
Petrus,mitis
Petrus,scandalum
Petrus,nuptia
Petrus,negociator
Petrus,que
Petrus,gemio
Petrus,motus
Petrus,proprius
Petrus,sal
Petrus,apotheca
Petrus,desertum
Petrus,pagina
Petrus,uuauis
Petrus,conuiuium
Petrus,uirtus
Petrus,uesper
Petrus,celestis
Petrus,mendacium
Petrus,interpretor
Petrus,dormio
Petrus,caducus
Petrus,titulus
Petrus,euuangelium
Petrus,mors
Petrus,ordo
Petrus,poena
Petrus,comedo
Petrus,euuangelicus
Petrus,uelamen
Petrus,erga
Petrus,minimus
Petrus,altare
Petrus,lignum
Petrus,dispensator
Petrus,hostis
Petrus,canto
Petrus,comestio
Petrus,ebdomada
Petrus,odor
Petrus,anathematizatio
Petrus,uir
Petrus,parens
Petrus,quies
Petrus,parturieo
Petrus,puericia
Petrus,semita
Petrus,conplectior
Petrus,effusio
Petrus,celum
Petrus,bene
Petrus,comit
Petrus,desponsor
Petrus,abutens:
Petrus,laudo
Petrus,maledico
Petrus,efficio
Petrus,officium
Petrus,discipulus
Petrus,torqueo
Petrus,confiteor
Petrus,ydropicus
Petrus,inclino
Petrus,cupidus
Petrus,circumcido
Petrus,uirginitas
Petrus,nocs
Petrus,fouea
Petrus,habito
Petrus,bouis
Petrus,irascor
Petrus,maria
Petrus,egredior
Petrus,genuflexio
Petrus,possido
Petrus,profundum
Petrus,subiectio
Petrus,uerax
Petrus,indumentum
Petrus,fulgeo
Petrus,martier
Petrus,circumcisio
Petrus,sacrificium
Petrus,crux
Petrus,semel
Petrus,gula
Petrus,scutum
Petrus,spero
Petrus,praesens
Petrus,templum
Petrus,sacrifico
Petrus,temporalis
Petrus,exulto
Petrus,gradus
Petrus,imitator
Petrus,purgo
Petrus,clamo
Petrus,testamentum
Petrus,concupiscentia
Petrus,communis
Petrus,nubis
Petrus,facinus
Petrus,abstineo
Petrus,perfectus
Petrus,pluraliter
Petrus,uuuentus
Petrus,passio
Petrus,pereo
Petrus,talentum
Petrus,maledictum
Petrus,theologia
Petrus,uenter
Petrus,thesaurus
Petrus,iudex
Petrus,illicitus
Petrus,respondeo
Petrus,stola
Petrus,cogitatio
Petrus,gaudeo
Petrus,aduerto
Petrus,arguo
Petrus,castitas
Petrus,uluuia
Petrus,mensura
Petrus,dignus
Petrus,excomunicatio
Petrus,ecclesiasticus
Petrus,donum
Petrus,inuito
Petrus,predicator
Petrus,dormitio
Petrus,omnis
Petrus,porta
Petrus,punio
Petrus,umbra
Petrus,sermo
Petrus,maceratio
Petrus,districtus
Petrus,lex
Petrus,septenarius
Petrus,septem
Petrus,primogenitus
Petrus,defuncti
Petrus,fero
Petrus,benefacio
Petrus,celus
Petrus,filius
Petrus,perfectio
Petrus,sacerdos
Petrus,septiens
Petrus,eloquium
Petrus,tollo
Petrus,cras
Petrus,agyographum
Petrus,misertus
Petrus,ingratus
Petrus,cubiculum
Petrus,comitatus
Petrus,operor
Petrus,paruus
Petrus,flagitium
Petrus,creator
Petrus,libertas
Petrus,peto
Petrus,presumo
Petrus,auctoritas
Petrus,hospes
Petrus,nutrio
Petrus,diuinus
Petrus,secularis
Petrus,disco
Petrus,terra
Petrus,difficilis
Petrus,maritus
Petrus,sollempnizo
Petrus,angelus
Petrus,hospitalitas
Petrus,semen
Petrus,euuangelizo
Petrus,abiectio
Petrus,demo
Petrus,totus
Petrus,clericus
Petrus,profectus
Petrus,harundo
Petrus,pascha
Petrus,leuo
Petrus,subditus
Petrus,apostolus
Petrus,differentia
Petrus,exeo
Petrus,mulier
Petrus,pruelatus
Petrus,carcer
Petrus,conditio
Petrus,sacratus
Petrus,tripliciter
Petrus,sanctimonia
Petrus,bis
Petrus,decalogus
Petrus,percutio
Petrus,patior
Petrus,uinea
Petrus,homo
Petrus,iudei
Petrus,correctio
Petrus,honorifico
Petrus,equus
Petrus,seruitus
Petrus,testimonium
Petrus,synapi
Petrus,assigno
Petrus,misterium
Petrus,facies
Petrus,funis
Petrus,habeo
Petrus,arma
Petrus,resurrectio
Petrus,conceptio
Petrus,mereo
Petrus,seruus
Petrus,praelatus
Petrus,decima
Petrus,macula
Petrus,propositum
Petrus,usura
Petrus,eligo
Petrus,scribo
Petrus,femina
Petrus,psallo
Petrus,baptista
Petrus,lacrim
Petrus,contempnio
Petrus,eripio
Petrus,sollempnitas
Petrus,stultus
Petrus,confessor
Petrus,sol
Petrus,uox
Petrus,osculum
Petrus,relaxatio
Petrus,uates
Petrus,rectus
Petrus,ungo
Petrus,consecratio
Petrus,paciencia
Petrus,principium
Petrus,columba
Petrus,sacer
Petrus,carnalis
Petrus,accipio
Petrus,diues
Petrus,labium
Petrus,separo
Petrus,uerus
Petrus,inferus
Petrus,uterque
Petrus,redundo
Petrus,ydiota
Petrus,fleo
Petrus,statera
Petrus,offerro
Petrus,committo
Petrus,eternus
Petrus,penitens
Petrus,triplex
Petrus,festiuitas
Petrus,propter
Petrus,caelum
Petrus,claudo
Petrus,nouem
Petrus,oro
Petrus,dilectio
Petrus,impedimentum
Petrus,uere
Petrus,unctio
Petrus,paradisus
Petrus,altitudo
Petrus,facio
Petrus,mane
Petrus,conspectus
Petrus,infirmus
Petrus,claustralis
Petrus,confirmo
Petrus,regnum
Petrus,baptismus
Petrus,egenus
Petrus,obmutesco
Petrus,pacientia
Petrus,lacrima
Petrus,amen
Petrus,contemplatio
Petrus,perturbo
Petrus,nefas
Petrus,nomen
Petrus,conqueror
Petrus,flecto
Petrus,inungo
Petrus,cornu
Petrus,primus
Petrus,spiritualis
Petrus,ramus
Petrus,licitus
Petrus,lacrimor
Petrus,curo
Petrus,comparo
Petrus,cinis
Petrus,uigil
Petrus,sanctus
Petrus,mandatum
Petrus,desiderium
Petrus,aurum
Petrus,palm
Petrus,propassio
Petrus,recipio
Petrus,symonia
Petrus,capillus
Petrus,membrum
Petrus,uocatio
Petrus,consentio
Petrus,salex
Petrus,cardinalis
Petrus,paro
Petrus,appeto
Petrus,quandoque
Petrus,significatio
Petrus,sanctifico
Petrus,respicio
Petrus,superbia
Petrus,adam
Petrus,exspecto
Petrus,dilatatio
Petrus,inmensus
Petrus,ecclesia
Petrus,salus
Petrus,nas
Petrus,babilon
Petrus,exinanitio
Petrus,relaxo
Petrus,zelus
Petrus,immutatio
Petrus,pretium
Petrus,deglutio
Petrus,nuptiae
Petrus,obedientia
Petrus,iesus
Petrus,sabbatum
Petrus,anathema
Petrus,canticum
Petrus,diuersus
Petrus,episcopus
Petrus,similitudo
Petrus,consilium
Petrus,prelatos
Petrus,sinus
Petrus,currus
Petrus,honor
Petrus,dens
Petrus,psalmus
Petrus,ierusalem
Petrus,sine
Petrus,cenaculum
Petrus,dominium
Petrus,interrogo
Petrus,mansuetus
Petrus,impetus
Petrus,abscondo
Petrus,cathedra
Petrus,opus
Petrus,presens
Petrus,uuluis
Petrus,sedeo
Petrus,sagitta
Petrus,felicitas
Petrus,obscuritas
Petrus,numerus
Guido,passio
Guido,peregrinus
Guido,puer
Guido,sol
Guido,diligo
Guido,duco
Guido,humilitas
Guido,ministerium
Guido,tempus
Guido,stella
Guido,saluo
Guido,cognosco
Guido,custodio
Guido,fons
Guido,desiderium
Guido,missus
Guido,suscipio
Guido,columba
Guido,abicio
Guido,finis
Guido,uoco
Guido,sollicitudo
Guido,uinco
Guido,gaudeo
Guido,certo
Guido,spiritus
Guido,trinitas
Guido,malus
Guido,benedictio
Guido,deduco
Guido,uenio
Guido,dominus
Guido,prope
Guido,ascendo
Guido,induo
Guido,prudentia
Guido,uita
Guido,sanctifico
Guido,exspecto
Guido,ambulo
Guido,deficio
Guido,lauo
Guido,christus
Guido,patior
Guido,sequor
Guido,iudicium
Guido,placeo
Guido,cresco
Guido,gloria
Guido,filius
Guido,mundo
Guido,habito
Guido,circoncido
Guido,uictoria
Guido,uas
Guido,promissio
Guido,uigilo
Guido,circumcisio
Guido,repleo
Guido,sentio
Guido,rex
Guido,seruus
Guido,hereditas
Guido,conuerto
Guido,uideo
Guido,eligo
Guido,libero
Guido,opus
Guido,uirga
Guido,plenitudo
Guido,curro
Guido,confortor
Guido,mors
Maurit,clamor
Maurit,agnus
Maurit,estas
Maurit,uestigium
Maurit,humilitas
Maurit,intueor
Maurit,fatigatio
Maurit,fructificatio
Maurit,malicia
Maurit,lacus
Maurit,minoratio
Maurit,protectio
Maurit,falsitas
Maurit,praecingo
Maurit,cisterna
Maurit,glorificatio
Maurit,deceptio
Maurit,recordatio
Maurit,sollicitudo
Maurit,amor
Maurit,collis
Maurit,demolitio
Maurit,lectus
Maurit,manifestatio
Maurit,cogito
Maurit,peruersitas
Maurit,praecedo
Maurit,seruo
Maurit,uanitas
Maurit,lesio
Maurit,funiculus
Maurit,sapientia
Maurit,uallo
Maurit,fraternitas
Maurit,ignis
Maurit,diluuium
Maurit,pietas
Maurit,spes
Maurit,refrigerium
Maurit,intellectus
Maurit,blandicia
Maurit,excercitium
Maurit,rideo
Maurit,emissio
Maurit,expando
Maurit,asto
Maurit,negligentia
Maurit,occisio
Maurit,reuelatio
Maurit,doctrina
Maurit,exitus
Maurit,pallium
Maurit,conclusio
Maurit,flagellum
Maurit,occultus
Maurit,piscatio
Maurit,insurgo
Maurit,adherentia
Maurit,praecido
Maurit,quiesco
Maurit,gressus
Maurit,sepulcrum
Maurit,nouus
Maurit,pollutio
Maurit,concubitus
Maurit,uinum
Maurit,rebellio
Maurit,meritum
Maurit,funda
Maurit,laus
Maurit,radix
Maurit,ago
Maurit,introeo
Maurit,brachium
Maurit,caueo
Maurit,conculcatio
Maurit,hareno
Maurit,medicus
Maurit,uerecundia
Maurit,plenitudo
Maurit,calciamentum
Maurit,nummus
Maurit,clausura
Maurit,inopia
Maurit,aqua
Maurit,speciositas
Maurit,status
Maurit,circulus
Maurit,offensio
Maurit,repello
Maurit,saluo
Maurit,repletio
Maurit,ascensus
Maurit,stella
Maurit,suscipio
Maurit,uinculum
Maurit,prouidentia
Maurit,leo
Maurit,aquila
Maurit,haustus
Maurit,honestas
Maurit,beneficium
Maurit,subuersio
Maurit,dissolutio
Maurit,fundamentum
Maurit,liquefactio
Maurit,enarratio
Maurit,redargutio
Maurit,paratio
Maurit,gladius
Maurit,maneo
Maurit,tabernaculum
Maurit,uuis
Maurit,negotiatio
Maurit,dolor
Maurit,duplicitas
Maurit,flumen
Maurit,ascensio
Maurit,mons
Maurit,appropinquatio
Maurit,demonium
Maurit,religio
Maurit,separatio
Maurit,paruulus
Maurit,d
Maurit,dignitas
Maurit,inductio
Maurit,longe
Maurit,recessus
Maurit,cerno
Maurit,uas
Maurit,circuio
Maurit,fermentum
Maurit,conuersatio
Maurit,tunica
Maurit,collocatio
Maurit,fuga
Maurit,uerberatio
Maurit,sentio
Maurit,intellego
Maurit,zona
Maurit,debitum
Maurit,iurgium
Maurit,amaritudo
Maurit,puritas
Maurit,denudatio
Maurit,aduersio
Maurit,grauitas
Maurit,uirga
Maurit,assisto
Maurit,equitas
Maurit,iustificatio
Maurit,confusio
Maurit,latro
Maurit,multiplicatio
Maurit,induitio
Maurit,oratio
Maurit,soluo
Maurit,immundicia
Maurit,deletio
Maurit,panis
Maurit,affluentia
Maurit,custodia
Maurit,teneo
Maurit,ecce
Maurit,iniquitas
Maurit,labor
Maurit,caritas
Maurit,galea
Maurit,potus
Maurit,conseruo
Maurit,exaltatio
Maurit,feruor
Maurit,fulgur
Maurit,requies
Maurit,bonus
Maurit,error
Maurit,innocentia
Maurit,illusio
Maurit,nuditas
Maurit,fames
Maurit,sagena
Maurit,formido
Maurit,fenum
Maurit,l
Maurit,solacium
Maurit,ubertas
Maurit,estus
Maurit,clementia
Maurit,meridies
Maurit,porrigo
Maurit,uictoria
Maurit,restitutio
Maurit,manducatio
Maurit,flatus
Maurit,introductio
Maurit,colligo
Maurit,carmen
Maurit,inuidia
Maurit,uigilo
Maurit,comminatio
Maurit,colligatio
Maurit,depositum
Maurit,captiuitas
Maurit,meror
Maurit,oleum
Maurit,inundatio
Maurit,irritatio
Maurit,consumptio
Maurit,fauus
Maurit,habitatio
Maurit,diuersitas
Maurit,fictio
Maurit,necessitas
Maurit,consurgo
Maurit,confortor
Maurit,purgatio
Maurit,rigatio
Maurit,apparitio
Maurit,pluuia
Maurit,tormentum
Maurit,mundatio
Maurit,dampnatio
Maurit,digitus
Maurit,temptatio
Maurit,compressio
Maurit,dissipo
Maurit,fons
Maurit,f
Maurit,positio
Maurit,indigentia
Maurit,contritio
Maurit,esca
Maurit,incuruatio
Maurit,obsidio
Maurit,scindo
Maurit,sopor
Maurit,iubilus
Maurit,trinitas
Maurit,uirilitas
Maurit,messis
Maurit,exemplum
Maurit,colloquium
Maurit,cingulum
Maurit,fenestra
Maurit,uita
Maurit,audio
Maurit,frondes
Maurit,germino
Maurit,mutatio
Maurit,lauo
Maurit,frango
Maurit,penetratio
Maurit,retho
Maurit,placeo
Maurit,sufferentia
Maurit,nequitia
Maurit,immaculatio
Maurit,renouatio
Maurit,ignorantia
Maurit,despectio
Maurit,excessus
Maurit,fluuius
Maurit,impingatio
Maurit,rubor
Maurit,promissio
Maurit,fornax
Maurit,excelsus
Maurit,iuramentum
Maurit,cedrus
Maurit,i
Maurit,litigatio
Maurit,persecutio
Maurit,n
Maurit,ordinatio
Maurit,ydria
Maurit,blasphemia
Maurit,reliquie
Maurit,consummatio
Maurit,oculus
Maurit,refugium
Maurit,propheta
Maurit,canis
Maurit,comprobatio
Maurit,nidus
Maurit,compunctio
Maurit,cupiditas
Maurit,triticum
Maurit,letitia
Maurit,certamen
Maurit,uenatio
Maurit,corona
Maurit,cilicium
Maurit,festinatio
Maurit,pono
Maurit,aurora
Maurit,mortificatio
Maurit,penitentia
Maurit,ypocrisis
Maurit,celebritas
Maurit,laceratio
Maurit,grex
Maurit,natiuitas
Maurit,addo
Maurit,lapis
Maurit,femur
Maurit,deiectio
Maurit,derisio
Maurit,guttur
Maurit,honus
Maurit,inebriatio
Maurit,mendicitas
Maurit,laqueus
Maurit,mare
Maurit,ostensio
Maurit,fraus
Maurit,candor
Maurit,latitudo
Maurit,nox
Maurit,exhortatio
Maurit,cella
Maurit,ianua
Maurit,perdo
Maurit,porto
Maurit,uolo
Maurit,comprehensio
Maurit,fundatio
Maurit,cibus
Maurit,consideratio
Maurit,benignitas
Maurit,butirum
Maurit,discursus
Maurit,lorica
Maurit,assiduitas
Maurit,columpna
Maurit,anima
Maurit,repositio
Maurit,inquisitio
Maurit,lingua
Maurit,uoluntas
Maurit,nutrix
Maurit,caligo
Maurit,tenebra
Maurit,tribuo
Maurit,proiectio
Maurit,iugum
Maurit,mitto
Maurit,corruo
Maurit,commissio
Maurit,rex
Maurit,nocumentum
Maurit,lepra
Maurit,germen
Maurit,preparo
Maurit,aufero
Maurit,reprobatio
Maurit,adolescentia
Maurit,surgo
Maurit,lutum
Maurit,misericordia
Maurit,pugno
Maurit,proficio
Maurit,uinea
Maurit,fiducia
Maurit,retributio
Maurit,perseuerantia
Maurit,stulticia
Maurit,credo
Maurit,gradio
Maurit,archa
Maurit,puer
Maurit,acquisitio
Maurit,tronus
Maurit,insania
Maurit,attendo
Maurit,gens
Maurit,exterminatio
Maurit,cito
Maurit,dormitatio
Maurit,aduentus
Maurit,reddo
Maurit,fabricatio
Maurit,destructio
Maurit,deduco
Maurit,permaneo
Maurit,pestilentia
Maurit,r
Maurit,suscitatio
Maurit,bibo
Maurit,baptisma
Maurit,t
Maurit,cubile
Maurit,uagatio
Maurit,feneratio
Maurit,descriptio
Maurit,pastus
Maurit,ouis
Maurit,quero
Maurit,saccus
Maurit,cor
Maurit,luctus
Maurit,uber
Maurit,contristatio
Maurit,clibanus
Maurit,unguentum
Maurit,adinuentio
Maurit,habundantia
Maurit,indicatio
Maurit,amicitia
Maurit,pena
Maurit,timor
Maurit,reclinatio
Maurit,abstinentia
Maurit,lumen
Maurit,imitatio
Maurit,unitas
Maurit,uiror
Maurit,audacia
Maurit,consecutio
Maurit,castrum
Maurit,instancia
Maurit,inuicem
Maurit,munus
Maurit,translatio
Maurit,fumus
Maurit,do
Maurit,molestia
Maurit,paralisis
Maurit,preparatio
Maurit,finis
Maurit,cado
Maurit,consensus
Maurit,spiritus
Maurit,p
Maurit,medius
Maurit,fructus
Maurit,lumbus
Maurit,obumbratio
Maurit,sompnus
Maurit,signum
Maurit,lamentum
Maurit,gaudium
Maurit,uia
Maurit,simplicitas
Maurit,cathena
Maurit,scriptura
Maurit,defectus
Maurit,postulatio
Maurit,folium
Maurit,affero
Maurit,adimpletio
Maurit,cresco
Maurit,eleuatio
Maurit,perturbatio
Maurit,hylaritas
Maurit,uexatio
Maurit,occursus
Maurit,simulatio
Maurit,ueritas
Maurit,frons
Maurit,rugitus
Maurit,eruditio
Maurit,auaritia
Maurit,hostia
Maurit,mutitas
Maurit,ops
Maurit,afflictio
Maurit,frequentia
Maurit,imperium
Maurit,uliua
Maurit,incessus
Maurit,uouus
Maurit,collatio
Maurit,exquisitio
Maurit,hereditas
Maurit,crudelitas
Maurit,applicatio
Maurit,exhibitio
Maurit,diffusio
Maurit,iniusticia
Maurit,relictio
Maurit,libero
Maurit,plantatio
Maurit,erubescentia
Maurit,bonitas
Maurit,otium
Maurit,precipitatio
Maurit,ciuitas
Maurit,conscientia
Maurit,auxilium
Maurit,beatitudo
Maurit,ereptio
Maurit,ludo
Maurit,inuocatio
Maurit,aduena
Maurit,odium
Maurit,frumentum
Maurit,domus
Maurit,luxuria
Maurit,filia
Maurit,sanctificatio
Maurit,iniuria
Maurit,tribulatio
Maurit,lacrimo
Maurit,homicidium
Maurit,modestia
Maurit,pigritia
Maurit,archus
Maurit,lustratio
Maurit,causa
Maurit,palpatio
Maurit,fugatio
Maurit,mel
Maurit,ros
Maurit,apprehensio
Maurit,lac
Maurit,foris
Maurit,impletio
Maurit,imbecillitas
Maurit,uacatio
Maurit,corruptio
Maurit,calix
Maurit,commoratio
Maurit,tarditas
Maurit,pulcritudo
Maurit,paries
Maurit,mansuetudo
Maurit,ruina
Maurit,emulatio
Maurit,luna
Maurit,defensio
Maurit,tristitia
Maurit,os
Maurit,fremitus
Maurit,calamus
Maurit,delectatio
Maurit,seduco
Maurit,expectatio
Maurit,fedus
Maurit,dulcedo
Maurit,excussio
Maurit,rector
Maurit,ministratio
Maurit,iactantia
Maurit,curuatio
Maurit,tempestas
Maurit,mensa
Maurit,gemitus
Maurit,detentio
Maurit,doceo
Maurit,cena
Maurit,ira
Maurit,notitia
Maurit,consolatio
Maurit,expulsio
Maurit,pauor
Maurit,frigus
Maurit,scrutinium
Maurit,descendo
Maurit,uideo
Maurit,placo
Maurit,constantia
Maurit,continentia
Maurit,tactus
Maurit,curro
Maurit,ingredior
Maurit,hyems
Maurit,abyssus
Maurit,pellis####
Maurit,suspirium
Maurit,lilium
Maurit,peregrinus
Maurit,u
Maurit,occupatio
Maurit,clauis
Maurit,gustus
Maurit,innouatio
Maurit,nubes
Maurit,confirmatio
Maurit,aspersio
Maurit,nauicula
Maurit,regredior
Maurit,accubitus
Maurit,dedicatio
Maurit,malus
Maurit,milicia
Maurit,obuiatio
Maurit,detractio
Maurit,operatio
Maurit,estimatio
Maurit,silentium
Maurit,pacificatio
Maurit,bellum
Maurit,ligatio
Maurit,loquor
Maurit,obliuio
Maurit,peccatum
Maurit,uenditio
Maurit,transitus
Maurit,extensio
Maurit,disciplina
Maurit,commemoratio
Maurit,delictum
Maurit,ornatus
Maurit,intro
Maurit,mundus
Maurit,absconsio
Maurit,iudicium
Maurit,ardor
Maurit,diluculum
Maurit,gloria
Maurit,regula
Maurit,repugnatio
Maurit,pater
Maurit,iacto
Maurit,declino
Maurit,attractio
Maurit,cogo
Maurit,eruo
Maurit,congregatio
Maurit,diuersio
Maurit,abeo
Maurit,medela
Maurit,redimo
Maurit,confessio
Maurit,dextera
Maurit,pascuum
Maurit,sequor
Maurit,regimen
Maurit,decor
Maurit,ignominia
Maurit,uelocitas
Maurit,eo
Maurit,concisio
Maurit,euersio
Maurit,oblatio
Maurit,uisitatio
Maurit,conuersio
Maurit,atrium
Maurit,regno
Maurit,celo
Maurit,uiuificatio
Maurit,ablutio
Maurit,fallacia
Maurit,foramen
Maurit,ieiunium
Maurit,spina
Maurit,improperium
Maurit,bucina
Maurit,puteus
Maurit,planctus
Maurit,stabilitas
Maurit,arbor
Maurit,pastor
Maurit,ignobilitas
Maurit,breuitas
Maurit,sustentatio
Maurit,uiolo
Maurit,benedictio
Maurit,respectus
Maurit,dolus
Maurit,exaudio
Maurit,gratia
Maurit,uermis
Maurit,cognitio
Maurit,b
Maurit,communico
Maurit,compulsio
Maurit,primitie
Maurit,ambulo
Maurit,sanatio
Maurit,generatio
Maurit,inclinatio
Maurit,fides
Maurit,speculatio
Maurit,saturitas
Maurit,sors
Maurit,expugnatio
Maurit,ebur
Maurit,adoratio
Maurit,completio
Maurit,compositio
Maurit,interfectio
Maurit,electio
Maurit,furor
Maurit,fornicatio
Maurit,euacuatio
Maurit,gemma
Maurit,genus
Maurit,pax
Maurit,insidiatio
Maurit,produco
Maurit,dispersio
Maurit,adiutorium
Maurit,sanguis
Maurit,callidus
Maurit,diuisio
Maurit,contemptus
Maurit,tegimen
Maurit,manus
Maurit,edificatio
Maurit,possessio
Maurit,uulnus
Maurit,uentus
Maurit,lucerna
Maurit,excitatio
Maurit,expoliatio
Maurit,morsus
Maurit,langor
Maurit,obseruatio
Maurit,meretrix
Maurit,eradicatio
Maurit,mitigatio
Maurit,turpitudo
Maurit,ebrietas
Maurit,liber
Maurit,reconciliatio
Maurit,iacio
Maurit,sanctitas
Maurit,paupertas
Maurit,commendatio
Maurit,merces
Maurit,directio
Maurit,participatio
Maurit,detestatio
Maurit,scientia
Maurit,roboratio
Maurit,fletus
Maurit,reseruatio
Maurit,taceo
Maurit,horreum
Maurit,uindicta
Maurit,dies
Maurit,desperatio
Maurit,h
Maurit,ualiditas
Maurit,tedium
Maurit,coinquinatio
Maurit,concordia
Maurit,infidelitas
Maurit,ala
Maurit,irrisio
Maurit,pes
Maurit,exultatio
Maurit,accedo
Maurit,attenuatio
Maurit,increpatio
Maurit,rapina
Maurit,diadema
Maurit,reuerentia
Maurit,desiderabilis
Maurit,prelium
Maurit,habitaculum
Maurit,accensus
Maurit,substantia
Maurit,firmitas
Maurit,formo
Maurit,nuptia
Maurit,prauitas
Maurit,scandalum
Maurit,honorificatio
Maurit,memoria
Maurit,sobrietas
Maurit,fluo
Maurit,patibulum
Maurit,pharetra
Maurit,desertum
Maurit,sal
Maurit,parco
Maurit,iungo
Maurit,cithara
Maurit,oblectamentum
Maurit,conuiuium
Maurit,irrigatio
Maurit,uirtus
Maurit,mendacium
Maurit,esuries
Maurit,principatus
Maurit,uoluptas
Maurit,astutia
Maurit,mors
Maurit,frux
Maurit,comedo
Maurit,armatura
Maurit,calefactio
Maurit,annuntiatio
Maurit,habitus
Maurit,concussio
Maurit,calumpnia
Maurit,intendo
Maurit,altare
Maurit,pinguedo
Maurit,leuatio
Maurit,lignum
Maurit,conturbatio
Maurit,incendium
Maurit,hostis
Maurit,odor
Maurit,perductio
Maurit,diruptio
Maurit,retentio
Maurit,turbatio
Maurit,rectitudo
Maurit,utilitas
Maurit,epulo
Maurit,adductio
Maurit,extinguo
Maurit,effusio
Maurit,celum
Maurit,prex
Maurit,interitus
Maurit,desponsatio
Maurit,disceptatio
Maurit,horror
Maurit,iaculum
Maurit,imber
Maurit,immolatio
Maurit,sublimitas
Maurit,condempnatio
Maurit,uelamentum
Maurit,bestia
Maurit,discipulus
Maurit,contentio
Maurit,impietas
Maurit,excisio
Maurit,fidelitas
Maurit,metueo
Maurit,beneplacitum
Maurit,acquiesco
Maurit,uirginitas
Maurit,fouea
Maurit,terror
Maurit,oppressio
Maurit,egredior
Maurit,apertio
Maurit,subiectio
Maurit,tabesco
Maurit,caminus
Maurit,murmur
Maurit,circumcisio
Maurit,sacrificium
Maurit,claudus
Maurit,crux
Maurit,scutum
Maurit,secretum
Maurit,pondus
Maurit,captio
Maurit,gradus
Maurit,transgressio
Maurit,concupiscentia
Maurit,diuitie
Maurit,cecitas
Maurit,delicio
Maurit,complacentia
Maurit,debilitas
Maurit,duritia
Maurit,fortitudo
Maurit,reductio
Maurit,ploro
Maurit,remissio
Maurit,sacietas
Maurit,talentum
Maurit,uestis
Maurit,desolatio
Maurit,suauitas
Maurit,uenter
Maurit,reuersio
Maurit,plausus
Maurit,reportatio
Maurit,thesaurus
Maurit,comparatio
Maurit,humus
Maurit,dimissio
Maurit,lux
Maurit,buccella
Maurit,arguo
Maurit,optimitas
Maurit,castitas
Maurit,percussio
Maurit,mensura
Maurit,herba
Maurit,opprobrium
Maurit,donum
Maurit,accusatio
Maurit,cesso
Maurit,dormitio
Maurit,porta
Maurit,uitis
Maurit,clipeus
Maurit,succingo
Maurit,lex
Maurit,coluber
Maurit,clauus
Maurit,irruitio
Maurit,assumptio
Maurit,fero
Maurit,benefacio
Maurit,filius
Maurit,lubricus
Maurit,perfectio
Maurit,sacerdos
Maurit,eloquium
Maurit,cras
Maurit,confixio
Maurit,securitas
Maurit,cubiculum
Maurit,nebula
Maurit,fasciculus
Maurit,ariditas
Maurit,discumbo
Maurit,aromum
Maurit,concitatio
Maurit,refectio
Maurit,dampnum
Maurit,recogitatio
Maurit,sustinentia
Maurit,libertas
Maurit,euigilatio
Maurit,compassio
Maurit,clangor
Maurit,requisitio
Maurit,derelictio
Maurit,tractatio
Maurit,fulgor
Maurit,castigatio
Maurit,opportunitas
Maurit,accingo
Maurit,terra
Maurit,angelus
Maurit,hospitalitas
Maurit,semen
Maurit,uersio
Maurit,missus
Maurit,abiectio
Maurit,confractio
Maurit,iustitia
Maurit,meditatio
Maurit,q
Maurit,inquinamentum
Maurit,superatio
Maurit,modicus
Maurit,impositio
Maurit,partus
Maurit,campus
Maurit,hesitatio
Maurit,creo
Maurit,differentia
Maurit,mulier
Maurit,carcer
Maurit,insipientia
Maurit,tremor
Maurit,ymago
Maurit,circumdatio
Maurit,baculus
Maurit,correctio
Maurit,quadrigesimus
Maurit,inuestigatio
Maurit,egestas
Maurit,munitio
Maurit,seruitus
Maurit,societas
Maurit,propitiatio
Maurit,discessio
Maurit,euentus
Maurit,compes
Maurit,habeo
Maurit,resurrectio
Maurit,conceptio
Maurit,candelabrum
Maurit,emundatio
Maurit,inflammatio
Maurit,inspiratio
Maurit,flamma
Maurit,magnificatio
Maurit,caput
Maurit,gubernaculum
Maurit,macula
Maurit,balteus
Maurit,torrens
Maurit,iocunditas
Maurit,m
Maurit,petitio
Maurit,claritas
Maurit,eripio
Maurit,alimentum
Maurit,suspensio
Maurit,ferrum
Maurit,commixtio
Maurit,exsurgo
Maurit,sol
Maurit,g
Maurit,deprecatio
Maurit,eiectio
Maurit,profunditas
Maurit,emptio
Maurit,columba
Maurit,labium
Maurit,accipio
Maurit,gyrus
Maurit,purificatio
Maurit,instruo
Maurit,statera
Maurit,suspitio
Maurit,archanum
Maurit,carnalitas
Maurit,angustia
Maurit,diligentia
Maurit,obsecratio
Maurit,precipio
Maurit,festiuitas
Maurit,spacium
Maurit,spoliatio
Maurit,depressio
Maurit,obsequium
Maurit,s
Maurit,oro
Maurit,dilectio
Maurit,sufficientia
Maurit,traho
Maurit,paradisus
Maurit,certitudo
Maurit,infirmitas
Maurit,altitudo
Maurit,facio
Maurit,dilatio
Maurit,gigas
Maurit,pactum
Maurit,mane
Maurit,conspectus
Maurit,demonstratio
Maurit,sonus
Maurit,regnum
Maurit,cymbalum
Maurit,humerus
Maurit,confidentia
Maurit,impedio
Maurit,studium
Maurit,subleuo
Maurit,inspico
Maurit,contemplatio
Maurit,inuentio
Maurit,conuinctio
Maurit,inflatio
Maurit,abhominatio
Maurit,nuntius
Maurit,ager
Maurit,arbitror
Maurit,z
Maurit,nomen
Maurit,flecto
Maurit,cornu
Maurit,reprehensio
Maurit,curo
Maurit,duco
Maurit,cinis
Maurit,presbyter
Maurit,prebeo
Maurit,sapio
Maurit,mandatum
Maurit,desiderium
Maurit,aurum
Maurit,assimilatio
Maurit,frenum
Maurit,recipio
Maurit,uocatio
Maurit,argentum
Maurit,probatio
Maurit,aspectus
Maurit,euulsio
Maurit,magnitudo
Maurit,querela
Maurit,erumpo
Maurit,ue
Maurit,augmentum
Maurit,prope
Maurit,illuminatio
Maurit,cano
Maurit,flos
Maurit,prudentia
Maurit,firmamentum
Maurit,superbia
Maurit,deuoratio
Maurit,dilatatio
Maurit,aduersitas
Maurit,arripio
Maurit,orio
Maurit,patientia
Maurit,dispensatio
Maurit,zelus
Maurit,pretium
Maurit,narratio
Maurit,ortus
Maurit,obedientia
Maurit,ueruix
Maurit,c
Maurit,educo
Maurit,anathema
Maurit,canticum
Maurit,fluctus
Maurit,prolongatio
Maurit,lampas
Maurit,consilium
Maurit,miseria
Maurit,uenio
Maurit,sinus
Maurit,currus
Maurit,mora
Maurit,remisdo
Maurit,honor
Maurit,dens
Maurit,dispositio
Maurit,taurus
Maurit,commotio
Maurit,cenaculum
Maurit,dominium
Maurit,furtum
Maurit,splendor
Maurit,impetus
Maurit,turris
Maurit,cathedra
Maurit,ferocitas
Maurit,preesse
Maurit,recubitus
Maurit,auris
Maurit,sagitta
Maurit,sedeo
Biard,iste
Biard,agnus
Biard,caelus
Biard,humilitas
Biard,demoniacus
Biard,superexalto
Biard,stabilis
Biard,aresco
Biard,sollicitudo
Biard,amor
Biard,praecedo
Biard,seruo
Biard,lectus
Biard,cogito
Biard,dismissio
Biard,uanitas
Biard,funiculus
Biard,sapientia
Biard,pulso
Biard,ignis
Biard,penitencia
Biard,letor
Biard,similis
Biard,elemosina
Biard,abutor
Biard,doctrina
Biard,exitus
Biard,doleo
Biard,facilis
Biard,amarus
Biard,abhominor
Biard,impetro
Biard,nouus
Biard,uiator
Biard,uinum
Biard,laus
Biard,radix
Biard,incorrigibilis
Biard,oportet
Biard,considero
Biard,curatio
Biard,tardo
Biard,mendax
Biard,plenitudo
Biard,proicio
Biard,aqua
Biard,status
Biard,stella
Biard,repello
Biard,periculum
Biard,saluo
Biard,imago
Biard,suscipio
Biard,uinculum
Biard,beneficium
Biard,firmo
Biard,malleus
Biard,acquiro
Biard,breuis
Biard,culpabiliter
Biard,fundamentum
Biard,multiplex
Biard,gracia
Biard,diuitiae
Biard,gladius
Biard,iustus
Biard,pene
Biard,dolor
Biard,multipliciter
Biard,tango
Biard,uulpes
Biard,castus
Biard,separatio
Biard,prudencia
Biard,religio
Biard,penitentes
Biard,mundo
Biard,ledo
Biard,uas
Biard,fermentum
Biard,plura
Biard,religiosus
Biard,affligo
Biard,reliquo
Biard,peccao
Biard,sentio
Biard,uisito
Biard,pigricia
Biard,nauis
Biard,bonum
Biard,amaritudo
Biard,inuitatio
Biard,potentia
Biard,uestimentum
Biard,uirga
Biard,calco
Biard,seductio
Biard,fidelis
Biard,latro
Biard,oratio
Biard,animus
Biard,custodio
Biard,relinquo
Biard,remuneratio
Biard,priuilegiatus
Biard,sileo
Biard,miror
Biard,glorior
Biard,panis
Biard,durics
Biard,teneo
Biard,uies
Biard,incommodus
Biard,labor
Biard,incarnatio
Biard,uinculo
Biard,caritas
Biard,deco
Biard,conseruo
Biard,uilis
Biard,christus
Biard,bonus
Biard,error
Biard,modus
Biard,merx
Biard,iusticia
Biard,fames
Biard,mundicia
Biard,prudens
Biard,comprehendo
Biard,sagena
Biard,tribulacio
Biard,male
Biard,alius
Biard,manna
Biard,uictoria
Biard,derelinquo
Biard,uigilo
Biard,forma
Biard,confundo
Biard,imitor
Biard,impleo
Biard,differo
Biard,debeo
Biard,oleum
Biard,necessitas
Biard,seruio
Biard,tormentum
Biard,scopo
Biard,temptatio
Biard,honoro
Biard,dissipo
Biard,fons
Biard,uoco
Biard,caro
Biard,restauro
Biard,messis
Biard,dominus
Biard,ascendo
Biard,uita
Biard,cingulum
Biard,diuex
Biard,audio
Biard,germino
Biard,lauo
Biard,muto
Biard,nunc
Biard,fenus
Biard,placeo
Biard,misericors
Biard,nequitia
Biard,misereor
Biard,iudico
Biard,relinqo
Biard,taciturnitas
Biard,turbo
Biard,persecutio
Biard,oculus
Biard,propheta
Biard,canis
Biard,curialiter
Biard,nidus
Biard,compunctio
Biard,uirgo
Biard,fugio
Biard,sino
Biard,ualeo
Biard,necessarius
Biard,corona
Biard,infernus
Biard,festinatio
Biard,pono
Biard,lucifer
Biard,infundo
Biard,penitentia
Biard,predicatio
Biard,calceamentum
Biard,displiceo
Biard,condicio
Biard,materialis
Biard,uocalis
Biard,transeo
Biard,grex
Biard,abundantia
Biard,execrabilis
Biard,natiuitas
Biard,crassitudo
Biard,lapis
Biard,exspectatio
Biard,honus
Biard,uenio
Biard,haabundancia
Biard,admirabilis
Biard,laqueus
Biard,mare
Biard,noster
Biard,dico
Biard,perdo
Biard,reperio
Biard,porto
Biard,uolo
Biard,amicus
Biard,benignitas
Biard,zelotipus
Biard,inuetero
Biard,uito
Biard,anima
Biard,egressus
Biard,prelator
Biard,uoluntas
Biard,lingua
Biard,proprietas
Biard,aufferetur
Biard,esau
Biard,iugum
Biard,mitto
Biard,prosperitas
Biard,pecco
Biard,rex
Biard,lepra
Biard,pecunia
Biard,quadruplex
Biard,preparo
Biard,signo
Biard,aufero
Biard,recidiuatio
Biard,persecutor
Biard,surgo
Biard,lutum
Biard,misericordia
Biard,pugno
Biard,iohhannes
Biard,uinea
Biard,appareo
Biard,fiducia
Biard,stulticia
Biard,culpa
Biard,credo
Biard,inuenio
Biard,archa
Biard,puer
Biard,ubique
Biard,piscis
Biard,timidus
Biard,uagor
Biard,aduentus
Biard,reddo
Biard,sollicitus
Biard,putresco
Biard,stannum
Biard,eleuo
Biard,peccator
Biard,consortium
Biard,recordor
Biard,exigo
Biard,largitas
Biard,medicina
Biard,succuro
Biard,sponsus
Biard,aduersarius
Biard,quero
Biard,ouis
Biard,cor
Biard,attribuo
Biard,rudis
Biard,ulgariter
Biard,unguentum
Biard,tempto
Biard,pauper
Biard,repleo
Biard,huiusmodi
Biard,cellarium
Biard,morior
Biard,pena
Biard,iuues
Biard,timor
Biard,diuersimode
Biard,uacca
Biard,unitas
Biard,terribilis
Biard,do
Biard,noto
Biard,propheto
Biard,cognosco
Biard,mortuis
Biard,inimicus
Biard,uerbum
Biard,trado
Biard,cado
Biard,probo
Biard,auarus
Biard,pacificus
Biard,spiritus
Biard,medius
Biard,fructus
Biard,sompnus
Biard,exalto
Biard,uiciosus
Biard,signum
Biard,gaudium
Biard,mens
Biard,uia
Biard,simplicitas
Biard,scriptura
Biard,argenturn
Biard,defectus
Biard,gloriosus
Biard,folium
Biard,periclitor
Biard,timeo
Biard,arefio
Biard,adulter
Biard,ueritas
Biard,incommodum
Biard,ltur
Biard,concludo
Biard,auaritia
Biard,deus
Biard,melius
Biard,rectifico
Biard,rego
Biard,conuerto
Biard,peruerto
Biard,inpugno
Biard,duplex
Biard,significo
Biard,libero
Biard,induro
Biard,semino
Biard,bonitas
Biard,ciuitas
Biard,beatitudo
Biard,diligo
Biard,mirabilis
Biard,odium
Biard,luxuria
Biard,domus
Biard,tribulatio
Biard,filia
Biard,quidam
Biard,beatus
Biard,causa
Biard,prelatus
Biard,dimito
Biard,lac
Biard,dimitto
Biard,aperio
Biard,circa
Biard,ruo
Biard,calix
Biard,peniteo
Biard,deficio
Biard,mansuetudo
Biard,rasio
Biard,ruina
Biard,luna
Biard,petra
Biard,consolor
Biard,os
Biard,quinque
Biard,seduco
Biard,adiuuo
Biard,expectatio
Biard,nutus
Biard,uicium
Biard,dulcedo
Biard,leuis
Biard,crededo
Biard,uanus
Biard,inutilis
Biard,solus
Biard,epulon
Biard,mensa
Biard,gemitus
Biard,ira
Biard,doceo
Biard,pannus
Biard,uideo
Biard,scrutinium
Biard,odi
Biard,descendo
Biard,retardo
Biard,rapio
Biard,accido
Biard,continentia
Biard,diuio
Biard,curro
Biard,seminator
Biard,excuso
Biard,lilium
Biard,esurio
Biard,tempus
Biard,paraliticus
Biard,crucifigo
Biard,laudabilis
Biard,pluribus
Biard,contempno
Biard,diabolus
Biard,penitere
Biard,renuo
Biard,occupatio
Biard,u
Biard,capharnaum
Biard,humilis
Biard,sponso
Biard,iumentum
Biard,exultacio
Biard,uipera
Biard,intelligo
Biard,gehenna
Biard,malus
Biard,nupcia
Biard,iustifico
Biard,ligatio
Biard,loquor
Biard,peccatum
Biard,maiestas
Biard,transitus
Biard,zelotipe
Biard,extensio
Biard,disciplina
Biard,monitor
Biard,mentior
Biard,intro
Biard,mundus
Biard,iudicium
Biard,sequor
Biard,gloria
Biard,pellis
Biard,lupus
Biard,pater
Biard,iacto
Biard,corpus
Biard,ligo
Biard,sano
Biard,increpo
Biard,dmabolus
Biard,redimo
Biard,auaricia
Biard,cinctus
Biard,confessio
Biard,congrego
Biard,auis
Biard,corrumpo
Biard,effectus
Biard,plenus
Biard,purus
Biard,assumo
Biard,meliorum
Biard,magnus
Biard,oblatio
Biard,quadruplicis
Biard,uindico
Biard,uenator
Biard,uisitatio
Biard,erro
Biard,preciosus
Biard,ieiunium
Biard,amo
Biard,dominicus
Biard,uinco
Biard,pastor
Biard,culpabilis
Biard,falsus
Biard,gratia
Biard,corrigo
Biard,infero
Biard,prouoco
Biard,profero
Biard,uendo
Biard,ambulo
Biard,conuiuo
Biard,fides
Biard,rethe
Biard,saturitas
Biard,utor
Biard,recogito
Biard,harena
Biard,araneus
Biard,portus
Biard,regius
Biard,duricia
Biard,lauatorium
Biard,quatuor
Biard,electio
Biard,humanus
Biard,fornicatio
Biard,genus
Biard,pax
Biard,sanguis
Biard,callidus
Biard,diuisio
Biard,memoro
Biard,manus
Biard,parum
Biard,uentus
Biard,graciosus
Biard,utilis
Biard,datio
Biard,ebrietas
Biard,proximus
Biard,natura
Biard,tripliciter
Biard,uxor
Biard,merces
Biard,diuicia
Biard,scientia
Biard,alienus
Biard,taceo
Biard,sto
Biard,uindicta
Biard,malum
Biard,lugeo
Biard,eleo
Biard,pasco
Biard,tedium
Biard,multus
Biard,tres
Biard,homms
Biard,celorum
Biard,ala
Biard,melior
Biard,pes
Biard,fortis
Biard,accedo
Biard,sustineo
Biard,tuus
Biard,desiderabilis
Biard,mensuro
Biard,iudicio
Biard,dyabolus
Biard,mitis
Biard,dominor
Biard,parturio
Biard,prerogatiuus
Biard,que
Biard,uelox
Biard,defraudo
Biard,corripio
Biard,memoria
Biard,plutum
Biard,sitis
Biard,sal
Biard,illusor
Biard,desertum
Biard,eicio
Biard,conuiuium
Biard,uirtus
Biard,celestis
Biard,mendacium
Biard,interpretor
Biard,dormio
Biard,ludico
Biard,mors
Biard,resisto
Biard,comedo
Biard,redditio
Biard,altare
Biard,aliquotiens
Biard,uiuicie
Biard,canto
Biard,odor
Biard,prelo
Biard,rectitudo
Biard,parens
Biard,utilitas
Biard,prex
Biard,uenditio
Biard,celum
Biard,bene
Biard,permitto
Biard,laudo
Biard,contentio
Biard,beneplacitum
Biard,hospito
Biard,circumcido
Biard,uirginitas
Biard,fouea
Biard,irascor
Biard,turba
Biard,egredior
Biard,sacrificium
Biard,crux
Biard,orior
Biard,spero
Biard,induco
Biard,templum
Biard,karitas
Biard,praesens
Biard,temporalis
Biard,gradus
Biard,operio
Biard,supplantatio
Biard,ponderosus
Biard,timo
Biard,fortitudo
Biard,abstineo
Biard,perfectus
Biard,ingratitudo
Biard,calor
Biard,passio
Biard,uestis
Biard,onager
Biard,diffundo
Biard,uenter
Biard,reuersio
Biard,simus
Biard,thesaurus
Biard,iudex
Biard,comparatio
Biard,respondeo
Biard,terrenus
Biard,dimissio
Biard,fur
Biard,gaudeo
Biard,arguo
Biard,doctrin
Biard,lux
Biard,propicius
Biard,cura
Biard,detractor
Biard,benedictus
Biard,cesso
Biard,induo
Biard,omnis
Biard,porta
Biard,leticia
Biard,predicator
Biard,uiuo
Biard,umbra
Biard,fodio
Biard,mentor
Biard,lex
Biard,strigo
Biard,ebrius
Biard,septem
Biard,filius
Biard,perfectio
Biard,detesto
Biard,penitor
Biard,ariditas
Biard,incendo
Biard,operor
Biard,praelo
Biard,sapor
Biard,peto
Biard,amissio
Biard,iniquus
Biard,laudabiliter
Biard,hospes
Biard,reus
Biard,disco
Biard,terra
Biard,res
Biard,angelus
Biard,eukaristia
Biard,semen
Biard,obsideo
Biard,demo
Biard,iustitia
Biard,clericus
Biard,altissimus
Biard,prepono
Biard,latrina
Biard,modicus
Biard,leuo
Biard,apostolus
Biard,mulier
Biard,offensa
Biard,nouissimum
Biard,thesaurizo
Biard,requies
Biard,conditio
Biard,patior
Biard,homo
Biard,correctio
Biard,ammouo
Biard,egestas
Biard,tinea
Biard,pulchritudo
Biard,misterium
Biard,habeo
Biard,fatuitas
Biard,arma
Biard,resurrectio
Biard,gracie
Biard,custos
Biard,mereo
Biard,seruus
Biard,praelatus
Biard,macula
Biard,deordino
Biard,praeparo
Biard,eligo
Biard,memor
Biard,uasus
Biard,aspicio
Biard,cibo
Biard,sequo
Biard,sol
Biard,perseuerentia
Biard,sex
Biard,uox
Biard,osculum
Biard,rectus
Biard,ungo
Biard,inuestigabilis
Biard,predico
Biard,superbus
Biard,columba
Biard,labium
Biard,accipio
Biard,diues
Biard,pusillanimitas
Biard,separo
Biard,uerus
Biard,statera
Biard,obtineo
Biard,angustia
Biard,eternus
Biard,natur
Biard,triplex
Biard,dampno
Biard,dos
Biard,propter
Biard,caelum
Biard,odio
Biard,oro
Biard,dilectio
Biard,impedimentum
Biard,traho
Biard,astucia
Biard,unctio
Biard,paradisus
Biard,occido
Biard,infirmitas
Biard,facio
Biard,consumo
Biard,mane
Biard,destruo
Biard,infirmus
Biard,confirmo
Biard,regnum
Biard,inimicitia
Biard,impedio
Biard,hospitor
Biard,studium
Biard,mundanus
Biard,inuentio
Biard,lacrima
Biard,audax
Biard,intrao
Biard,nuntius
Biard,preualeo
Biard,ager
Biard,dolosus
Biard,spiritualis
Biard,requiro
Biard,excedo
Biard,curo
Biard,comparo
Biard,sanctus
Biard,sapio
Biard,mandatum
Biard,uocatio
Biard,aurum
Biard,capillus
Biard,barba
Biard,carninus
Biard,habundo
Biard,paro
Biard,appeto
Biard,emo
Biard,prope
Biard,flos
Biard,prudentia
Biard,significatio
Biard,respicio
Biard,exspecto
Biard,patientia
Biard,zelus
Biard,herodes
Biard,uolucer
Biard,ortus
Biard,cecus
Biard,honor
Biard,nimium
Biard,ypocrita
Biard,furtum
Biard,abscondo
Biard,capio
Biard,opus
Biard,felicitas
Biard,adheret
Gorran,agnus
Gorran,humilitas
Gorran,demoniacus
Gorran,amor
Gorran,manifestatio
Gorran,cogito
Gorran,fraternitas
Gorran,ignis
Gorran,intellectus
Gorran,elemosina
Gorran,exitus
Gorran,uestio
Gorran,uinum
Gorran,rationalis
Gorran,ago
Gorran,oportet
Gorran,considero
Gorran,plenitudo
Gorran,obedio
Gorran,aqua
Gorran,uinculum
Gorran,leo
Gorran,honestas
Gorran,acquiro
Gorran,uisitator
Gorran,gladius
Gorran,maneo
Gorran,iustus
Gorran,dolor
Gorran,mundo
Gorran,uas
Gorran,intellego
Gorran,apropinquo
Gorran,amaritudo
Gorran,equitas
Gorran,perditio
Gorran,oratio
Gorran,relinquo
Gorran,custodia
Gorran,teneo
Gorran,certo
Gorran,preceptum
Gorran,labor
Gorran,caritas
Gorran,locus
Gorran,exaltatio
Gorran,christus
Gorran,bonus
Gorran,innocentia
Gorran,requies
Gorran,male
Gorran,manducatio
Gorran,colligo
Gorran,uigilo
Gorran,inuidia
Gorran,forma
Gorran,saluatio
Gorran,imitor
Gorran,debeo
Gorran,oleum
Gorran,habitatio
Gorran,apparitio
Gorran,missio
Gorran,duo
Gorran,honoro
Gorran,appropinquo
Gorran,fons
Gorran,caro
Gorran,sanitas
Gorran,dominus
Gorran,ascendo
Gorran,uita
Gorran,audio
Gorran,mutatio
Gorran,lauo
Gorran,nunc
Gorran,placeo
Gorran,ignorantia
Gorran,oculus
Gorran,cupiditas
Gorran,fugio
Gorran,letitia
Gorran,certamen
Gorran,corona
Gorran,penitentia
Gorran,abundantia
Gorran,natiuitas
Gorran,uenio
Gorran,laqueus
Gorran,mare
Gorran,candor
Gorran,desidero
Gorran,dico
Gorran,porto
Gorran,uolo
Gorran,amicus
Gorran,cibus
Gorran,benignitas
Gorran,anima
Gorran,egressus
Gorran,nolo
Gorran,inquisitio
Gorran,gemo
Gorran,lingua
Gorran,illumino
Gorran,tenebra
Gorran,iugum
Gorran,mitto
Gorran,pecco
Gorran,rex
Gorran,preparo
Gorran,aufero
Gorran,misericordia
Gorran,tracto
Gorran,credo
Gorran,puer
Gorran,attendo
Gorran,gens
Gorran,reddo
Gorran,recordor
Gorran,filiatio
Gorran,medicina
Gorran,maledictio
Gorran,redemptio
Gorran,quero
Gorran,uado
Gorran,ouis
Gorran,cor
Gorran,luctus
Gorran,repleo
Gorran,timor
Gorran,sapiens
Gorran,lumen
Gorran,inuicem
Gorran,milito
Gorran,do
Gorran,noto
Gorran,cognosco
Gorran,inimicus
Gorran,uerbum
Gorran,finis
Gorran,cado
Gorran,spiritus
Gorran,medius
Gorran,fructus
Gorran,gaudium
Gorran,uia
Gorran,maculo
Gorran,affero
Gorran,cresco
Gorran,eleuatio
Gorran,abundo
Gorran,dirigo
Gorran,ancilla
Gorran,ueritas
Gorran,eruditio
Gorran,auaritia
Gorran,deus
Gorran,hereditas
Gorran,hora
Gorran,bello
Gorran,ciuitas
Gorran,beatitudo
Gorran,odium
Gorran,luxuria
Gorran,domus
Gorran,libenter
Gorran,sanctificatio
Gorran,tribulatio
Gorran,lacrimo
Gorran,lac
Gorran,aperio
Gorran,benedico
Gorran,calix
Gorran,pulcritudo
Gorran,deficio
Gorran,mansuetudo
Gorran,luna
Gorran,tristitia
Gorran,liberatio
Gorran,delectatio
Gorran,adiuuo
Gorran,expectatio
Gorran,delicia
Gorran,dulcedo
Gorran,rector
Gorran,gemitus
Gorran,ira
Gorran,doceo
Gorran,cena
Gorran,uideo
Gorran,consolatio
Gorran,curro
Gorran,esurio
Gorran,tempus
Gorran,reprobus
Gorran,gustus
Gorran,malus
Gorran,detractio
Gorran,loquor
Gorran,peccatum
Gorran,transitus
Gorran,intro
Gorran,absconsio
Gorran,iudicium
Gorran,ardor
Gorran,gloria
Gorran,pater
Gorran,descensus
Gorran,orno
Gorran,corpus
Gorran,congregatio
Gorran,abeo
Gorran,confessio
Gorran,assumo
Gorran,eo
Gorran,epulatio
Gorran,magnus
Gorran,oblatio
Gorran,conuersio
Gorran,erro
Gorran,ieiunium
Gorran,abicio
Gorran,uinco
Gorran,exaudio
Gorran,gratia
Gorran,ambulo
Gorran,generatio
Gorran,inclinatio
Gorran,fides
Gorran,collectio
Gorran,adoratio
Gorran,crucifixio
Gorran,minister
Gorran,electio
Gorran,fornicatio
Gorran,pax
Gorran,diuisio
Gorran,memoro
Gorran,manus
Gorran,edificatio
Gorran,lucerna
Gorran,ebrietas
Gorran,facilitas
Gorran,cantus
Gorran,sto
Gorran,semper
Gorran,lugeo
Gorran,dies
Gorran,multus
Gorran,celorum
Gorran,exultatio
Gorran,accedo
Gorran,dyabolus
Gorran,memoria
Gorran,eicio
Gorran,conuiuium
Gorran,uirtus
Gorran,celestis
Gorran,esuries
Gorran,ordo
Gorran,mors
Gorran,lignum
Gorran,odor
Gorran,uir
Gorran,uenditio
Gorran,celum
Gorran,maledico
Gorran,officium
Gorran,ihesus
Gorran,fidelitas
Gorran,turba
Gorran,crux
Gorran,templum
Gorran,clamo
Gorran,concupiscentia
Gorran,diuitie
Gorran,cecitas
Gorran,fortitudo
Gorran,abstineo
Gorran,ploro
Gorran,passio
Gorran,pereo
Gorran,thesaurus
Gorran,cogitatio
Gorran,lux
Gorran,arguo
Gorran,castitas
Gorran,generalis
Gorran,accusatio
Gorran,dormitio
Gorran,induo
Gorran,concupisco
Gorran,omnis
Gorran,uitis
Gorran,lex
Gorran,benefacio
Gorran,filius
Gorran,eloquium
Gorran,euangelium
Gorran,operor
Gorran,peto
Gorran,disco
Gorran,terra
Gorran,angelus
Gorran,magister
Gorran,iustitia
Gorran,totus
Gorran,leuo
Gorran,baculus
Gorran,homo
Gorran,egestas
Gorran,testimonium
Gorran,prodesse
Gorran,habeo
Gorran,arma
Gorran,numero
Gorran,iocunditas
Gorran,aspicio
Gorran,claritas
Gorran,sol
Gorran,ostendo
Gorran,rectus
Gorran,emptio
Gorran,labium
Gorran,accipio
Gorran,fleo
Gorran,tunc
Gorran,eternitas
Gorran,angustia
Gorran,caute
Gorran,dilectio
Gorran,certitudo
Gorran,infirmitas
Gorran,facio
Gorran,mane
Gorran,regnum
Gorran,egenus
Gorran,ager
Gorran,nomen
Gorran,spiritualis
Gorran,lacrimor
Gorran,duco
Gorran,sanctus
Gorran,mandatum
Gorran,desiderium
Gorran,aurum
Gorran,extendo
Gorran,uocatio
Gorran,argentum
Gorran,quomodo
Gorran,deprecor
Gorran,paro
Gorran,prope
Gorran,flos
Gorran,patientia
Gorran,zelus
Gorran,cecus
Gorran,fluctus
Gorran,abscondo
Gorran,capio
Gorran,opus
Gorran,auris
Angel,tintinnabulum
Angel,clamor
Angel,agnus
Angel,cera
Angel,estas
Angel,incus
Angel,ouilis
Angel,humilitas
Angel,pessulum
Angel,ueper
Angel,latus
Angel,lacus
Angel,monilium
Angel,ungula
Angel,cisterna
Angel,sinister
Angel,linea
Angel,tuba
Angel,rupes
Angel,collis
Angel,lectus
Angel,speculator
Angel,regulus
Angel,funiculus
Angel,uirgula
Angel,sulcus
Angel,altilis
Angel,rosa
Angel,ignis
Angel,diluuium
Angel,uer
Angel,edus
Angel,scabellum
Angel,gena
Angel,uenenum
Angel,exitus
Angel,pallium
Angel,torno
Angel,uiscus
Angel,sanies
Angel,alitus
Angel,paliurus
Angel,puluillus
Angel,cyprus
Angel,gressus
Angel,intestinum
Angel,pennula
Angel,propugnaculum
Angel,ars
Angel,sepulcrum
Angel,uiator
Angel,hereticus
Angel,uinum
Angel,funda
Angel,radix
Angel,rationalis
Angel,uuum
Angel,carmelus
Angel,telum
Angel,brachium
Angel,murenula
Angel,truncus
Angel,hareno
Angel,princeps
Angel,sindo
Angel,aqua
Angel,cyphus
Angel,bos
Angel,circulus
Angel,riuus
Angel,stella
Angel,imago
Angel,ascensus
Angel,uinculum
Angel,leo
Angel,aquila
Angel,dextrarium
Angel,malleus
Angel,pauimentum
Angel,coelum
Angel,fundamentum
Angel,thalamus
Angel,uterus
Angel,pictura
Angel,diuitiae
Angel,ciniphes
Angel,gladius
Angel,papyrus
Angel,securis
Angel,tabernaculum
Angel,amphora
Angel,cellaria
Angel,torcular
Angel,uuis
Angel,laguncula
Angel,uulpes
Angel,flumen
Angel,aratrum
Angel,fluentum
Angel,uentilabrum
Angel,gibbus
Angel,mons
Angel,granum
Angel,basis
Angel,fiscella
Angel,hodie
Angel,somnus
Angel,fermentum
Angel,thuribulum
Angel,loculus
Angel,uas
Angel,tunica
Angel,fuga
Angel,catulus
Angel,stagnum
Angel,marmor
Angel,caseus
Angel,rete
Angel,hastilis
Angel,renis
Angel,sphaerula
Angel,uah
Angel,zona
Angel,nauis
Angel,kalenda
Angel,ethiopia
Angel,mercenarius
Angel,sacculus
Angel,longitudo
Angel,poenitentia
Angel,uirga
Angel,thronus
Angel,confusio
Angel,socrus
Angel,latro
Angel,pectusculum
Angel,pera
Angel,miles
Angel,cultrus
Angel,panis
Angel,anaglypha
Angel,uespera
Angel,iniquitas
Angel,uena
Angel,ferus
Angel,sterilis
Angel,galea
Angel,locus
Angel,resticula
Angel,auriga
Angel,uitula
Angel,fulgur
Angel,christus
Angel,gazophylacium
Angel,pinus
Angel,sagena
Angel,uestimentum
Angel,fames
Angel,fenum
Angel,ethiopes
Angel,nigredo
Angel,butyrum
Angel,meridies
Angel,axis
Angel,fel
Angel,fimbria
Angel,manna
Angel,impius
Angel,limen
Angel,carmen
Angel,arula
Angel,postis
Angel,frater
Angel,stilla
Angel,oleum
Angel,risus
Angel,passer
Angel,color
Angel,glacies
Angel,fauus
Angel,nouacula
Angel,albugo
Angel,saxum
Angel,hamus
Angel,neruus
Angel,dromedarius
Angel,glarea
Angel,pupillus
Angel,engado
Angel,exercitus
Angel,digitus
Angel,scala
Angel,cincinnus
Angel,fons
Angel,arturus
Angel,pectus
Angel,esca
Angel,clypeus
Angel,caro
Angel,similago
Angel,messis
Angel,scabies
Angel,amigdalum
Angel,dominus
Angel,egyptus
Angel,ensis
Angel,cingulum
Angel,fenestra
Angel,nycticorax
Angel,uita
Angel,gallus
Angel,plumbum
Angel,cauma
Angel,aries
Angel,fluuius
Angel,sardonychus
Angel,rubor
Angel,dexter
Angel,fornax
Angel,thus
Angel,mensis
Angel,cedrus
Angel,ydria
Angel,oculus
Angel,triticum
Angel,tympanum
Angel,canis
Angel,capra
Angel,nidus
Angel,uirgo
Angel,myrrha
Angel,catena
Angel,corona
Angel,iaspis
Angel,cilicium
Angel,infernus
Angel,cerastes
Angel,lucifer
Angel,aurora
Angel,camelus
Angel,calceamentum
Angel,coruus
Angel,libanus
Angel,grex
Angel,armo
Angel,lapis
Angel,femur
Angel,humerulus
Angel,lorum
Angel,species
Angel,guttur
Angel,uber
Angel,aloe
Angel,fistula
Angel,laqueus
Angel,mare
Angel,sedes
Angel,candor
Angel,latitudo
Angel,nox
Angel,cella
Angel,ianua
Angel,dragma
Angel,plecta
Angel,leaena
Angel,amicus
Angel,cibus
Angel,abio
Angel,gallina
Angel,framea
Angel,bitumen
Angel,anima
Angel,morus
Angel,bechemoth
Angel,lamia
Angel,procurator
Angel,lingua
Angel,serpens
Angel,cataracta
Angel,mater
Angel,umbilicus
Angel,asinus
Angel,canistrum
Angel,cygnus
Angel,lippus
Angel,ursus
Angel,caligo
Angel,iugum
Angel,platea
Angel,salteriumsanguis
Angel,rex
Angel,lepra
Angel,ficus
Angel,later
Angel,lumbare
Angel,lutum
Angel,uinea
Angel,chorus
Angel,retributio
Angel,puer
Angel,archa
Angel,beemoth
Angel,denarius
Angel,piscis
Angel,hermon
Angel,tiara
Angel,uellus
Angel,gens
Angel,hereses
Angel,margarita
Angel,gleba
Angel,annulus
Angel,elo
Angel,stipula
Angel,uultur
Angel,halitus
Angel,eruca
Angel,cypressus
Angel,urtica
Angel,artifex
Angel,asina
Angel,locusta
Angel,ostium
Angel,siclus
Angel,iuncus
Angel,struthio
Angel,obryzus
Angel,batus
Angel,ferculum
Angel,cubile
Angel,aduersarius
Angel,pastus
Angel,piscator
Angel,saccus
Angel,ouis
Angel,cor
Angel,uua
Angel,unguentum
Angel,clibanus
Angel,farina
Angel,uelum
Angel,purpura
Angel,uitta
Angel,canalis
Angel,sudo
Angel,iuues
Angel,cadauer
Angel,caprea
Angel,uacca
Angel,lumen
Angel,pruna
Angel,calcaneum
Angel,cetus
Angel,pilosus
Angel,uitulus
Angel,fumus
Angel,antrum
Angel,specus
Angel,aceruus
Angel,tribulus
Angel,uultus
Angel,cinnamomum
Angel,coma
Angel,ciuis
Angel,finis
Angel,exactor
Angel,uici
Angel,byssus
Angel,pacificus
Angel,explorator
Angel,fructus
Angel,lumbus
Angel,edom
Angel,spiritus
Angel,adolescentula
Angel,stamen
Angel,dux
Angel,labrum
Angel,cortex
Angel,uia
Angel,ceruus
Angel,defectus
Angel,matutinus
Angel,folium
Angel,ruga
Angel,botrus
Angel,costa
Angel,ancilla
Angel,frons
Angel,arcus
Angel,rugitus
Angel,stercus
Angel,edo
Angel,mola
Angel,chamus
Angel,deus
Angel,ibicis
Angel,perdix
Angel,uliua
Angel,idumaeum
Angel,porticus
Angel,lactuca
Angel,nux
Angel,aper
Angel,annus
Angel,ascensor
Angel,sterquilinium
Angel,uulpis
Angel,pupilla
Angel,thorax
Angel,coccus
Angel,sibilus
Angel,tentorium
Angel,uitrum
Angel,ciuitas
Angel,soror
Angel,xps
Angel,frumentum
Angel,crocus
Angel,domus
Angel,filia
Angel,iacinctus
Angel,babylon
Angel,palma
Angel,topazion
Angel,margo
Angel,damula
Angel,signaculum
Angel,agricola
Angel,reptilis
Angel,sus
Angel,culmus
Angel,mel
Angel,ros
Angel,lac
Angel,organum
Angel,quadrans
Angel,trabs
Angel,cubitus
Angel,turtur
Angel,heremus
Angel,calix
Angel,concubina
Angel,mulus
Angel,galilaeus
Angel,paries
Angel,galaad
Angel,sepo
Angel,legatio
Angel,uallis
Angel,uesica
Angel,emulatio
Angel,luna
Angel,petra
Angel,os
Angel,calamus
Angel,mustum
Angel,adamasaer
Angel,compago
Angel,bruchus
Angel,coturnix
Angel,mensa
Angel,ira
Angel,mandragora
Angel,pannus
Angel,unicus
Angel,frigus
Angel,herodius
Angel,hyaena
Angel,lepus
Angel,sartago
Angel,solitudo
Angel,arca
Angel,concentus
Angel,testa
Angel,stilus
Angel,abyssus
Angel,squama
Angel,lagena
Angel,lilium
Angel,coena
Angel,erinacius
Angel,peregrinus
Angel,consul
Angel,silex
Angel,papirium
Angel,cardo
Angel,clauis
Angel,nubes
Angel,rota
Angel,nauicula
Angel,hydropicus
Angel,iumentum
Angel,uipera
Angel,pleiades
Angel,uapor
Angel,accubitus
Angel,electrum
Angel,lana
Angel,clerus
Angel,malus
Angel,penna
Angel,area
Angel,areola
Angel,sagum
Angel,siliqua
Angel,genuum
Angel,bellum
Angel,peccatum
Angel,stractus
Angel,luter
Angel,tectum
Angel,tonitrus
Angel,iordanes
Angel,iudicium
Angel,regula
Angel,diluculum
Angel,balteum
Angel,pellis
Angel,lupus
Angel,pater
Angel,festuca
Angel,carbunculus
Angel,faucis
Angel,stannus
Angel,leuiathan
Angel,corpus
Angel,pruina
Angel,confessio
Angel,carbo
Angel,stillio
Angel,senectus
Angel,latomus
Angel,atrium
Angel,hinnitus
Angel,quadriga
Angel,foramen
Angel,spina
Angel,fauilla
Angel,murus
Angel,puteus
Angel,rubigo
Angel,uilua
Angel,antemurale
Angel,sirena
Angel,faber
Angel,arbor
Angel,iuniperus
Angel,platanus
Angel,calumniator
Angel,planta
Angel,sperula
Angel,cognitio
Angel,uermis
Angel,stactis
Angel,onycha
Angel,cartilago
Angel,generatio
Angel,salix
Angel,nitrum
Angel,holocaustum
Angel,ebur
Angel,acetum
Angel,araneus
Angel,nurus
Angel,scintilla
Angel,mica
Angel,fossa
Angel,sagittarius
Angel,craticula
Angel,nemus
Angel,conuallis
Angel,praeda
Angel,trulla
Angel,legatus
Angel,littus
Angel,furor
Angel,iuuentus
Angel,pax
Angel,propitiatorium
Angel,uigilis
Angel,emunctorium
Angel,subula
Angel,esebon
Angel,faretro
Angel,manus
Angel,uulnus
Angel,adeps
Angel,uentus
Angel,lucerna
Angel,lacerta
Angel,manipulus
Angel,rana
Angel,quercus
Angel,meretrix
Angel,uilla
Angel,columna
Angel,ebrietas
Angel,labrusca
Angel,liber
Angel,uxor
Angel,serra
Angel,moab
Angel,apis
Angel,fulminum
Angel,spica
Angel,messor
Angel,ulmus
Angel,militia
Angel,alienus
Angel,accipiter
Angel,acus
Angel,mamma
Angel,malum
Angel,mortariolum
Angel,ordeum
Angel,piscina
Angel,scapula
Angel,uisio
Angel,dies
Angel,calculus
Angel,ala
Angel,amica
Angel,sulphur
Angel,pes
Angel,fortis
Angel,rapina
Angel,cortina
Angel,diadema
Angel,falx
Angel,habitaculum
Angel,acies
Angel,armentum
Angel,sal
Angel,desertum
Angel,uagina
Angel,cithara
Angel,crater
Angel,uirtus
Angel,eternum
Angel,insula
Angel,basiliscus
Angel,sycomorus
Angel,uesper
Angel,erugo
Angel,collum
Angel,mors
Angel,inaura
Angel,propugnator
Angel,buxus
Angel,comedo
Angel,uiduus
Angel,tornalis
Angel,altare
Angel,aspis
Angel,horribilis
Angel,lignum
Angel,noctua
Angel,odor
Angel,uir
Angel,uirentia
Angel,semita
Angel,mytrum
Angel,obstetrix
Angel,segor
Angel,imber
Angel,thymiamum
Angel,hircus
Angel,bestia
Angel,ulula
Angel,contentio
Angel,punicus
Angel,scarabaeus
Angel,ydropicus
Angel,stillicidium
Angel,cauerna
Angel,cauda
Angel,fouea
Angel,binarius
Angel,paxillus
Angel,salsugo
Angel,senteo
Angel,caminus
Angel,scorpio
Angel,astrum
Angel,templum
Angel,scutum
Angel,sunamitis
Angel,castellum
Angel,gradus
Angel,angulus
Angel,concupiscentia
Angel,olla
Angel,crystallus
Angel,rinoceros
Angel,fortitudo
Angel,statura
Angel,sapphirus
Angel,moenium
Angel,calor
Angel,musca
Angel,talentum
Angel,azymus
Angel,solium
Angel,mustela
Angel,reclinatorium
Angel,uestis
Angel,onager
Angel,uenter
Angel,spelunca
Angel,cyathus
Angel,thesaurus
Angel,urna
Angel,iudex
Angel,humus
Angel,tentatio
Angel,palmes
Angel,linum
Angel,culex
Angel,fur
Angel,lux
Angel,sternutatio
Angel,nasus
Angel,stola
Angel,uluuia
Angel,carectum
Angel,herba
Angel,cicatrix
Angel,hinnulus
Angel,dormitio
Angel,porta
Angel,aruinus
Angel,umbra
Angel,uitis
Angel,hirundo
Angel,haedus
Angel,aquilo
Angel,armilla
Angel,lex
Angel,coluber
Angel,castra
Angel,clauus
Angel,masculus
Angel,nidulus
Angel,primogenitus
Angel,filius
Angel,sacerdos
Angel,uespertilio
Angel,ericius
Angel,malogranatum
Angel,crus
Angel,deliciae
Angel,uerua
Angel,nebula
Angel,uectis
Angel,fasciculus
Angel,praedo
Angel,damascus
Angel,regina
Angel,pullus
Angel,caelatura
Angel,legislator
Angel,punctus
Angel,speculum
Angel,fulgor
Angel,senator
Angel,nardus
Angel,terra
Angel,medulla
Angel,riuulus
Angel,angelus
Angel,semen
Angel,fex
Angel,uestibulum
Angel,ysopus
Angel,iustitia
Angel,tignum
Angel,lancea
Angel,spolium
Angel,harundo
Angel,peponis
Angel,pecus
Angel,fragmen
Angel,campus
Angel,leuo
Angel,mulier
Angel,carcer
Angel,leprosus
Angel,arena
Angel,sculptura
Angel,baculus
Angel,abortiuus
Angel,capitellum
Angel,homo
Angel,india
Angel,equus
Angel,uestigium
Angel,munitio
Angel,forceps
Angel,tinea
Angel,myrtus
Angel,funis
Angel,arma
Angel,pilus
Angel,candelabrum
Angel,uertex
Angel,custos
Angel,flamma
Angel,galbanus
Angel,caput
Angel,seruus
Angel,macula
Angel,lectulus
Angel,balteus
Angel,draco
Angel,lamina
Angel,torrens
Angel,femina
Angel,palea
Angel,grando
Angel,pomum
Angel,stellio
Angel,ferrum
Angel,capparis
Angel,sol
Angel,uox
Angel,arista
Angel,osculum
Angel,stabulum
Angel,caradion
Angel,superbus
Angel,fiala
Angel,columba
Angel,labium
Angel,pardus
Angel,diues
Angel,porro
Angel,zizania
Angel,sporta
Angel,orbis
Angel,rubus
Angel,statera
Angel,symphonia
Angel,uter
Angel,greek.expression
Angel,palus
Angel,gramen
Angel,tinctura
Angel,paradisus
Angel,occido
Angel,infans
Angel,institor
Angel,altitudo
Angel,facio
Angel,aroma
Angel,auster
Angel,gigas
Angel,mane
Angel,branchia
Angel,callis
Angel,eathera
Angel,impetigo
Angel,cymbalum
Angel,dorsum
Angel,humerus
Angel,regnum
Angel,sonus
Angel,caementarius
Angel,nix
Angel,senex
Angel,gurgustium
Angel,gutta
Angel,ager
Angel,buccina
Angel,sirpus
Angel,pontifex
Angel,cutis
Angel,cornu
Angel,palpebra
Angel,ramus
Angel,cinis
Angel,onocentaurus
Angel,rhamnus
Angel,gurges
Angel,cynomyia
Angel,aurum
Angel,consiliarius
Angel,frenum
Angel,modius
Angel,myrica
Angel,capillus
Angel,membrum
Angel,optimas
Angel,plaga
Angel,argentum
Angel,saliunca
Angel,barba
Angel,tigris
Angel,flos
Angel,superhumerale
Angel,firmamentum
Angel,feminalis
Angel,praesepe
Angel,superbia
Angel,ecclesia
Angel,orio
Angel,animal
Angel,uomer
Angel,nas
Angel,zelus
Angel,herodes
Angel,pellicanus
Angel,hiems
Angel,maxilla
Angel,yades
Angel,uolucer
Angel,ortus
Angel,laquearium
Angel,hasta
Angel,nuptiae
Angel,sabbatum
Angel,ueruix
Angel,fluctus
Angel,gelum
Angel,lampas
Angel,porcus
Angel,cophinus
Angel,currus
Angel,dilectus
Angel,sinus
Angel,cherub
Angel,dens
Angel,miluus
Angel,ierusalem
Angel,taurus
Angel,ulcus
Angel,gigno
Angel,turris
Angel,tabula
Angel,gomor
Angel,cathedra
Angel,maceria
Angel,uuluis
Angel,auris
Angel,sagitta
Angel,cibarium
