Id,Attribute
lecythus,lemma
augmentum,lemma
habitus,lemma
arcus,lemma
currus,lemma
euuangelium,lemma
grauis,lemma
rethe,lemma
ue,lemma
iocunditas,lemma
lagena,lemma
nascor,lemma
labrusca,lemma
inuitatio,lemma
inflatio,lemma
mortuus,lemma
caminus,lemma
lamentum,lemma
stabilis,lemma
postulatio,lemma
uuauis,lemma
hylaritas,lemma
semel,lemma
presaepe,lemma
beatus,lemma
hedus,lemma
quinquagenarius,lemma
transgressio,lemma
uetus,lemma
manica,lemma
compositio,lemma
confractio,lemma
insula,lemma
uespertilio,lemma
hydria,lemma
uireo,lemma
donec,lemma
cingulum,lemma
confitebor,lemma
iniquus,lemma
naturalis,lemma
paruus,lemma
germino,lemma
onocentaurus,lemma
odium,lemma
iudas,lemma
secretum,lemma
messis,lemma
iuues,lemma
recessus,lemma
nudus,lemma
conturbatio,lemma
desidero,lemma
salubriter,lemma
capud,lemma
propugnaculum,lemma
diuersio,lemma
obuio,lemma
pauimentum,lemma
halitus,lemma
aspectus,lemma
fundatio,lemma
leuis,lemma
bonus,lemma
aurora,lemma
uermum,lemma
enarratio,lemma
ordeum,lemma
calcaneum,lemma
defectus,lemma
diligentia,lemma
spiraculum,lemma
consortium,lemma
tribulus,lemma
numero,lemma
addisco,lemma
uterque,lemma
stellio,lemma
putridus,lemma
lectulus,lemma
alius,lemma
scala,lemma
nuditas,lemma
fornax,lemma
herodius,lemma
mendacium,lemma
inuestigabilis,lemma
lego,lemma
tcio,lemma
speculatio,lemma
metueo,lemma
uenundo,lemma
terror,lemma
facilis,lemma
cecitas,lemma
incommodum,lemma
stabulum,lemma
inspico,lemma
axis,lemma
rectitudo,lemma
remedium,lemma
disceptatio,lemma
excisio,lemma
palpebr,lemma
reddo,lemma
hospito,lemma
tollo,lemma
castellum,lemma
demonium,lemma
incipio,lemma
paupertas,lemma
absquo,lemma
crassitudo,lemma
supercilium,lemma
militao,lemma
pretium,lemma
contentio,lemma
imperium,lemma
aduentus,lemma
uomitus,lemma
diligo,lemma
innocens,lemma
uelamen,lemma
subiectio,lemma
spiritus,lemma
humanus,lemma
renuo,lemma
uenio,lemma
munitio,lemma
penitentes,lemma
timo,lemma
tinctura,lemma
matutinus,lemma
compeo,lemma
cogito,lemma
figura,lemma
infidelis,lemma
ululatus,lemma
uigilis,lemma
quomodo,lemma
brachium,lemma
gula,lemma
panis,lemma
fictio,lemma
imbecillitas,lemma
ulula,lemma
barbarus,lemma
cognito,lemma
rego,lemma
pagina,lemma
odio,lemma
magnitudo,lemma
dilectio,lemma
gusto,lemma
reconciliatio,lemma
uasus,lemma
iacio,lemma
pellis,lemma
emitto,lemma
fimbria,lemma
auaricia,lemma
districtus,lemma
sequor,lemma
fulmen,lemma
grauitas,lemma
parum,lemma
psalterium,lemma
demoniacus,lemma
rubigo,lemma
frondes,lemma
axella,lemma
reliquie,lemma
bitumen,lemma
cataracte,lemma
transmigratio,lemma
prelatus,lemma
confessio,lemma
salix,lemma
riuus,lemma
araneus,lemma
festino,lemma
branchia,lemma
stamen,lemma
armentum,lemma
preuaricatio,lemma
firmo,lemma
hospes,lemma
uacatio,lemma
adsum,lemma
uastitas,lemma
faretro,lemma
n,lemma
reprobus,lemma
dexter,lemma
uas,lemma
subsellium,lemma
arista,lemma
principalis,lemma
uirginitas,lemma
silex,lemma
inuenio,lemma
lugeo,lemma
grauus,lemma
herba,lemma
huiusmodi,lemma
grauo,lemma
lucerna,lemma
preparo,lemma
parens,lemma
uriuium,lemma
adimpletio,lemma
erro,lemma
ruo,lemma
uelo,lemma
circulus,lemma
incendo,lemma
maledictio,lemma
eripio,lemma
uulnero,lemma
iubilatio,lemma
ductilis,lemma
auari,lemma
tedero,lemma
nomen,lemma
sollicitudo,lemma
praedestinatio,lemma
iacto,lemma
poena,lemma
gero,lemma
omnis,lemma
exactor,lemma
erinacius,lemma
locusta,lemma
uenter,lemma
incdo,lemma
clementia,lemma
proditor,lemma
delicio,lemma
tantus,lemma
lumen,lemma
facies,lemma
zyma,lemma
spina,lemma
clangor,lemma
semino,lemma
cenaculum,lemma
i,lemma
institor,lemma
ebrius,lemma
cauda,lemma
procurator,lemma
praesens,lemma
zelotipus,lemma
esebon,lemma
rana,lemma
inde,lemma
scutum,lemma
effusio,lemma
que,lemma
celo,lemma
duritia,lemma
area,lemma
corneus,lemma
lorum,lemma
uindemio,lemma
saturitas,lemma
gloriosus,lemma
quinque,lemma
humilio,lemma
culmus,lemma
uiuo,lemma
uipera,lemma
morus,lemma
ager,lemma
puer,lemma
quercus,lemma
accipio,lemma
excelsi,lemma
color,lemma
colligatio,lemma
denarius,lemma
peruersitas,lemma
positio,lemma
castra,lemma
esuries,lemma
cogo,lemma
seruus,lemma
poenitentia,lemma
explorator,lemma
cantus,lemma
taurus,lemma
desertum,lemma
torquo,lemma
conuersio,lemma
concludo,lemma
duplicitas,lemma
uindico,lemma
plumbum,lemma
capparis,lemma
ulcus,lemma
mechia,lemma
pestilentia,lemma
humanitas,lemma
later,lemma
pungo,lemma
myrtus,lemma
hec,lemma
fatum,lemma
monilium,lemma
fabricatio,lemma
utilis,lemma
cor,lemma
plenus,lemma
colo,lemma
possessio,lemma
erumpo,lemma
tornalis,lemma
milia,lemma
prudentia,lemma
pontifex,lemma
peto,lemma
interrogo,lemma
conuallis,lemma
descendo,lemma
terminus,lemma
demo,lemma
significo,lemma
uernaculum,lemma
ligo,lemma
onager,lemma
peruerto,lemma
certamen,lemma
libenter,lemma
nosco,lemma
ciuis,lemma
iudei,lemma
potentia,lemma
uerecundia,lemma
sardius,lemma
surdus,lemma
sibilus,lemma
coinquinatio,lemma
ordo,lemma
stulticia,lemma
mulus,lemma
infero,lemma
uenator,lemma
requisitio,lemma
uenatio,lemma
uelox,lemma
quadriga,lemma
Angel,collection
uiolo,lemma
diuersitas,lemma
deleo,lemma
aratrum,lemma
uerbum,lemma
pinguis,lemma
persecutio,lemma
pluo,lemma
satio,lemma
gutta,lemma
tres,lemma
egenus,lemma
polluo,lemma
hastilis,lemma
quartus,lemma
disco,lemma
arena,lemma
opportunitas,lemma
uulua,lemma
curro,lemma
suspitio,lemma
fumus,lemma
mollis,lemma
abhominatio,lemma
infidelitas,lemma
tempus,lemma
puteus,lemma
ereptio,lemma
largitas,lemma
loquor,lemma
euangelium,lemma
arca,lemma
sudo,lemma
gigas,lemma
fluuius,lemma
pluraliter,lemma
uies,lemma
figulus,lemma
sterquilinium,lemma
deuoratio,lemma
india,lemma
flumis,lemma
pilus,lemma
egressus,lemma
filum,lemma
faber,lemma
sincerus,lemma
memoria,lemma
inquinamentum,lemma
uentus,lemma
uir,lemma
truncus,lemma
aroma,lemma
benignitas,lemma
uultus,lemma
preparatio,lemma
monitor,lemma
cadauer,lemma
similitudo,lemma
synapi,lemma
liuor,lemma
antemurale,lemma
reliqio,lemma
ascendo,lemma
tabula,lemma
fugatio,lemma
acquiesco,lemma
fames,lemma
presbyter,lemma
porro,lemma
consummatio,lemma
mensuro,lemma
pascha,lemma
noto,lemma
emulor,lemma
caelus,lemma
mensura,lemma
energia,lemma
emissarius,lemma
usura,lemma
lauo,lemma
consecratio,lemma
uouus,lemma
modestia,lemma
cincinnus,lemma
olus,lemma
trabea,lemma
tentorium,lemma
maledio,lemma
nefas,lemma
azymus,lemma
consolor,lemma
futurus,lemma
tympanum,lemma
filius,lemma
occupatio,lemma
uersio,lemma
profundum,lemma
ponderosus,lemma
crux,lemma
sano,lemma
testis,lemma
uillicus,lemma
caro,lemma
cirographum,lemma
penetratio,lemma
sapientia,lemma
festiuitas,lemma
rationalis,lemma
corruptio,lemma
probo,lemma
fructus,lemma
scama,lemma
habito,lemma
lapis,lemma
rubus,lemma
tundo,lemma
cauma,lemma
occido,lemma
claudo,lemma
risus,lemma
frux,lemma
gelum,lemma
adiutorium,lemma
nunc,lemma
uespera,lemma
dubitatio,lemma
quiesco,lemma
beatitudo,lemma
latus,lemma
dico,lemma
somnus,lemma
abortiuus,lemma
galbanus,lemma
nouus,lemma
fluctus,lemma
substantia,lemma
filia,lemma
cornu,lemma
liquefacio,lemma
consumptio,lemma
bouis,lemma
thymiamum,lemma
egredior,lemma
graciosus,lemma
comestio,lemma
societas,lemma
theologia,lemma
ostensio,lemma
negociator,lemma
natiuitas,lemma
nolo,lemma
discessio,lemma
propicius,lemma
putreo,lemma
stirps,lemma
populus,lemma
regula,lemma
pascuum,lemma
mare,lemma
lampas,lemma
hospitor,lemma
strophea,lemma
septimana,lemma
canticum,lemma
teneo,lemma
cognosco,lemma
excludo,lemma
ligatio,lemma
serra,lemma
ramus,lemma
lac,lemma
doctrin,lemma
mytrum,lemma
monstrum,lemma
corpus,lemma
sitio,lemma
fauilla,lemma
dignus,lemma
ambulo,lemma
egipto,lemma
procedo,lemma
tonus,lemma
angustia,lemma
introitus,lemma
furor,lemma
nas,lemma
terra,lemma
eunuchus,lemma
dulcis,lemma
similiter,lemma
intro,lemma
iuniperus,lemma
muscipula,lemma
obscurus,lemma
pax,lemma
ecclesia,lemma
frango,lemma
capitalis,lemma
inutilis,lemma
ala,lemma
meliorum,lemma
abio,lemma
mundus,lemma
donum,lemma
mirabilis,lemma
mora,lemma
diuitie,lemma
incuruatio,lemma
caelum,lemma
reclinatio,lemma
laudabilis,lemma
magnifico,lemma
hinnio,lemma
temptatio,lemma
cyphus,lemma
postis,lemma
acquiro,lemma
sobrietas,lemma
asina,lemma
tonitruum,lemma
farina,lemma
ministerium,lemma
leuatio,lemma
bechemoth,lemma
palus,lemma
articulus,lemma
coelum,lemma
crucifigo,lemma
malogranatum,lemma
ecce,lemma
detestatio,lemma
uiscus,lemma
adheret,lemma
medius,lemma
ludico,lemma
assimilatio,lemma
tunica,lemma
affectio,lemma
radix,lemma
uuum,lemma
diplois,lemma
foramen,lemma
integer,lemma
pecus,lemma
querela,lemma
cecus,lemma
efficio,lemma
obedientia,lemma
pastor,lemma
linteum,lemma
cinctus,lemma
ingratus,lemma
ascensus,lemma
apostolus,lemma
mortaliter,lemma
testa,lemma
palpatio,lemma
quero,lemma
pusillanimitas,lemma
confixio,lemma
corrigo,lemma
annuntiatio,lemma
numquam,lemma
defraudo,lemma
maria,lemma
abicio,lemma
uolucer,lemma
prophetissa,lemma
terto,lemma
legio,lemma
madalena,lemma
solitudo,lemma
ieiunium,lemma
materialis,lemma
idest,lemma
propassio,lemma
planta,lemma
mirra,lemma
instantia,lemma
accensus,lemma
uelocitas,lemma
expando,lemma
uisito,lemma
desponsor,lemma
leticia,lemma
cygnus,lemma
timeo,lemma
arbitrium,lemma
assumptio,lemma
laceratio,lemma
comprobatio,lemma
palma,lemma
bigamia,lemma
falsus,lemma
lacrim,lemma
obuiatio,lemma
liquefactio,lemma
mollio,lemma
manipulus,lemma
tracto,lemma
simul,lemma
martirium,lemma
candidatio,lemma
salutare,lemma
assisto,lemma
prerogatiuus,lemma
tenuis,lemma
dominus,lemma
fauus,lemma
cancellus,lemma
plumarium,lemma
paralisis,lemma
eathera,lemma
myrrha,lemma
mansuetus,lemma
sindo,lemma
illicitus,lemma
lamia,lemma
desiderabilis,lemma
appareo,lemma
fedus,lemma
fruor,lemma
deus,lemma
mundo,lemma
piscis,lemma
multipliciter,lemma
recordor,lemma
oppressio,lemma
limen,lemma
mereo,lemma
expectatio,lemma
uestimentum,lemma
circa,lemma
excello,lemma
sponsa,lemma
prebeo,lemma
repugnatio,lemma
expulsio,lemma
tentaor,lemma
confringo,lemma
gramatica,lemma
habitaculum,lemma
intestinum,lemma
dimissio,lemma
caelatura,lemma
prauitas,lemma
gibbus,lemma
saliua,lemma
fornicatio,lemma
fallacia,lemma
legislator,lemma
marmor,lemma
discursus,lemma
macto,lemma
uilua,lemma
augeo,lemma
uos,lemma
columpna,lemma
trado,lemma
pectusculum,lemma
amaritudo,lemma
frater,lemma
talentum,lemma
tropeum,lemma
laguncula,lemma
laudo,lemma
intellego,lemma
saluatio,lemma
tradux,lemma
confiteor,lemma
glorior,lemma
petitio,lemma
execrabilis,lemma
diuersimode,lemma
lepus,lemma
importo,lemma
titulus,lemma
custodio,lemma
butyrum,lemma
exemplum,lemma
cognitio,lemma
uuis,lemma
tegimen,lemma
frons,lemma
calumpnia,lemma
gramen,lemma
contingo,lemma
militia,lemma
zelotipe,lemma
pisticum,lemma
iste,lemma
sponsus,lemma
tunc,lemma
framea,lemma
tritura,lemma
uestigium,lemma
ydria,lemma
cynomyia,lemma
ambitus,lemma
foueo,lemma
superbus,lemma
litigatio,lemma
improperium,lemma
letor,lemma
buccella,lemma
diffusio,lemma
penitens,lemma
glarea,lemma
aduerto,lemma
frumentum,lemma
occurro,lemma
introeo,lemma
obstetrix,lemma
descensus,lemma
formido,lemma
immolatio,lemma
pinus,lemma
honus,lemma
ops,lemma
predestinatio,lemma
uere,lemma
taxus,lemma
excedo,lemma
peccao,lemma
apertus,lemma
prudencia,lemma
dissolutio,lemma
ihesus,lemma
ymago,lemma
chaym,lemma
forma,lemma
primus,lemma
iumentum,lemma
fero,lemma
uagatio,lemma
potus,lemma
sumo,lemma
induco,lemma
rideo,lemma
comminatio,lemma
honoro,lemma
mulier,lemma
cibo,lemma
modus,lemma
silentium,lemma
uis,lemma
expugnatio,lemma
palpebra,lemma
falsitas,lemma
puluillus,lemma
facinus,lemma
ordinatio,lemma
uilis,lemma
conseruo,lemma
denudatio,lemma
irrigatio,lemma
carmen,lemma
adherentia,lemma
separatio,lemma
agyographum,lemma
columna,lemma
facio,lemma
offero,lemma
tribulacio,lemma
sopor,lemma
subiiero,lemma
pereo,lemma
inspiratio,lemma
repleo,lemma
gubernaculum,lemma
amphora,lemma
cithara,lemma
exulto,lemma
paradisus,lemma
puritas,lemma
sto,lemma
colligo,lemma
reprobatio,lemma
mitigatio,lemma
limus,lemma
discus,lemma
pauper,lemma
lancea,lemma
plecta,lemma
pellis####,lemma
cinnamomum,lemma
mensa,lemma
subduco,lemma
iniusticia,lemma
paraliticus,lemma
exultacio,lemma
piscina,lemma
lippus,lemma
princeps,lemma
desponsatio,lemma
magnus,lemma
sanctimonia,lemma
ter,lemma
pupilla,lemma
exhortatio,lemma
lauatorium,lemma
breuis,lemma
margo,lemma
facilitas,lemma
prudens,lemma
uagor,lemma
mendax,lemma
punicus,lemma
splendor,lemma
prelator,lemma
pectus,lemma
commotio,lemma
uisitatio,lemma
sompnus,lemma
calciamentum,lemma
declino,lemma
palea,lemma
antonomasice,lemma
oleaster,lemma
batus,lemma
eleo,lemma
magister,lemma
partus,lemma
significatio,lemma
missa,lemma
intelligentia,lemma
celus,lemma
introductio,lemma
uersus,lemma
latomus,lemma
messor,lemma
misericordia,lemma
planto,lemma
remitto,lemma
tremeo,lemma
sitis,lemma
gracia,lemma
excommunicatio,lemma
senteo,lemma
acies,lemma
ueper,lemma
uitula,lemma
celum,lemma
ibicis,lemma
uenenum,lemma
humus,lemma
fructificatio,lemma
conclusio,lemma
pannus,lemma
ululor,lemma
lana,lemma
placo,lemma
nouitas,lemma
noticia,lemma
signum,lemma
ros,lemma
creator,lemma
effundo,lemma
sperula,lemma
animus,lemma
confirmatio,lemma
aquilo,lemma
uexatio,lemma
pera,lemma
feminalis,lemma
pario,lemma
canto,lemma
peniteo,lemma
infundo,lemma
cito,lemma
infirmus,lemma
distinguo,lemma
restitutio,lemma
meridies,lemma
conparo,lemma
sirena,lemma
decimus,lemma
dens,lemma
propositum,lemma
compressio,lemma
frendo,lemma
lectus,lemma
torcularum,lemma
emunctorium,lemma
gomor,lemma
tribuo,lemma
uinea,lemma
continue,lemma
edifico,lemma
cutis,lemma
nutrix,lemma
opprobrium,lemma
affectus,lemma
areola,lemma
ypocrisis,lemma
talis,lemma
septem,lemma
seruio,lemma
fluentum,lemma
chorea,lemma
pilosus,lemma
possido,lemma
spes,lemma
abiectio,lemma
torcular,lemma
excercitium,lemma
reptilis,lemma
recogitatio,lemma
commixtio,lemma
culex,lemma
ortus,lemma
maledictum,lemma
inanis,lemma
horror,lemma
aperio,lemma
sacratus,lemma
anima,lemma
confredo,lemma
carmelus,lemma
lacus,lemma
tribunal,lemma
flagicium,lemma
coena,lemma
columpne,lemma
hospitalitas,lemma
dromedarius,lemma
completio,lemma
musca,lemma
ualitudo,lemma
pietas,lemma
subtraho,lemma
culpa,lemma
glacies,lemma
onycha,lemma
exultatio,lemma
egyptus,lemma
lapsus,lemma
horreum,lemma
butirum,lemma
phiala,lemma
insidie,lemma
osculum,lemma
ioseph,lemma
rubor,lemma
preciosus,lemma
preesse,lemma
epulatio,lemma
segor,lemma
gemo,lemma
res,lemma
clibanus,lemma
sanitas,lemma
sinus,lemma
sardonix,lemma
salteriumsanguis,lemma
paliurus,lemma
accingo,lemma
semis,lemma
uine,lemma
edo,lemma
diluculum,lemma
idolum,lemma
constantia,lemma
impleo,lemma
scilicet,lemma
perductio,lemma
galaad,lemma
horribilis,lemma
commoratio,lemma
circumdatio,lemma
consto,lemma
recedo,lemma
operatio,lemma
falx,lemma
offerro,lemma
dispensator,lemma
rota,lemma
psalmus,lemma
castigatio,lemma
offensio,lemma
obsequium,lemma
architectus,lemma
necessitas,lemma
putredo,lemma
dormitio,lemma
orphanus,lemma
decima,lemma
nitrum,lemma
contero,lemma
cubitus,lemma
uacca,lemma
dyabolus,lemma
preualeo,lemma
mutatio,lemma
babilon,lemma
conculcatio,lemma
sapphirus,lemma
maneo,lemma
uictima,lemma
thorax,lemma
quando,lemma
habeo,lemma
pictura,lemma
propitiatio,lemma
prope,lemma
alimentum,lemma
thesaurizo,lemma
monachus,lemma
spurius,lemma
aureola,lemma
dolus,lemma
incendium,lemma
armatura,lemma
carcer,lemma
comitatus,lemma
maiestas,lemma
euuangelistus,lemma
peregre,lemma
chorus,lemma
bellum,lemma
solacium,lemma
insipientia,lemma
littera,lemma
utilitas,lemma
fidelitas,lemma
adulatio,lemma
uirentia,lemma
reliquo,lemma
inpugno,lemma
irritatio,lemma
modicus,lemma
porto,lemma
fraus,lemma
redundo,lemma
leprosus,lemma
sycomorus,lemma
minimus,lemma
cedrus,lemma
ouilis,lemma
debeo,lemma
regulariter,lemma
maceratio,lemma
symonia,lemma
sollempnitas,lemma
scribo,lemma
firmamentum,lemma
chrysolithus,lemma
dragma,lemma
dolo,lemma
ulne,lemma
iactantia,lemma
interpretor,lemma
dulia,lemma
multiplex,lemma
plaga,lemma
uito,lemma
innocentia,lemma
oppono,lemma
litteratura,lemma
macula,lemma
uirgula,lemma
atrium,lemma
sex,lemma
quaestio,lemma
collum,lemma
prex,lemma
fistula,lemma
frequentia,lemma
moueo,lemma
maledico,lemma
eternus,lemma
debitum,lemma
probatio,lemma
benefacio,lemma
estus,lemma
destructio,lemma
uincio,lemma
murmur,lemma
baptista,lemma
castrum,lemma
pulchritudo,lemma
ammouo,lemma
preter,lemma
missus,lemma
manifestatio,lemma
multus,lemma
ypocrita,lemma
iustus,lemma
presumo,lemma
uotum,lemma
rhamnus,lemma
impetro,lemma
inductio,lemma
misertus,lemma
exhibitio,lemma
perturbatio,lemma
ubique,lemma
linea,lemma
cartilago,lemma
directio,lemma
reuerentia,lemma
lactuca,lemma
sapiens,lemma
scindo,lemma
sufferentia,lemma
attractio,lemma
sarmentum,lemma
malleus,lemma
perfectus,lemma
pruelatus,lemma
calix,lemma
inopia,lemma
cerno,lemma
illumino,lemma
capitellum,lemma
transitus,lemma
impedimentum,lemma
fenum,lemma
ornatus,lemma
torus,lemma
tonsura,lemma
creatio,lemma
derelictio,lemma
bibo,lemma
passio,lemma
egestas,lemma
nouacula,lemma
contra,lemma
ferocitas,lemma
ingratitudo,lemma
durus,lemma
perturbo,lemma
neruus,lemma
diuido,lemma
pena,lemma
destruo,lemma
sequo,lemma
perditio,lemma
unicus,lemma
immutatio,lemma
honorificatio,lemma
leena,lemma
miror,lemma
expello,lemma
coccus,lemma
uicit,lemma
tactus,lemma
uectis,lemma
requies,lemma
patrinus,lemma
catena,lemma
orno,lemma
carbunculus,lemma
timidus,lemma
crucifixio,lemma
abyssus,lemma
ferculum,lemma
sermo,lemma
unctio,lemma
tepidus,lemma
spiro,lemma
poculum,lemma
incorrigibilis,lemma
rogo,lemma
euellere,lemma
decimo,lemma
uenditio,lemma
uapor,lemma
inuetero,lemma
amicus,lemma
indicatio,lemma
itero,lemma
erugo,lemma
libero,lemma
tuus,lemma
inebriatio,lemma
papirium,lemma
acetum,lemma
trio,lemma
Biard,collection
recolo,lemma
collocatio,lemma
redditio,lemma
foris,lemma
mortalis,lemma
nimium,lemma
casus,lemma
uermis,lemma
signo,lemma
haustus,lemma
obturo,lemma
causa,lemma
feruor,lemma
euentus,lemma
regno,lemma
redoleo,lemma
extremus,lemma
meto,lemma
declinatio,lemma
clauis,lemma
beemoth,lemma
thronus,lemma
torrens,lemma
tempto,lemma
ignominia,lemma
commemoratio,lemma
folium,lemma
tolero,lemma
mutus,lemma
ethereus,lemma
circuitus,lemma
deficio,lemma
templum,lemma
candor,lemma
faucis,lemma
galea,lemma
insidiatio,lemma
palmes,lemma
milito,lemma
nubis,lemma
hordeum,lemma
inimicitia,lemma
extasis,lemma
aureolus,lemma
syon,lemma
abscondo,lemma
mortariolum,lemma
obsidio,lemma
scriptura,lemma
mitis,lemma
beneplacitum,lemma
sibilo,lemma
antichristus,lemma
scoria,lemma
pruna,lemma
rapio,lemma
elongatio,lemma
cyprus,lemma
sepelio,lemma
uerberatio,lemma
affluentia,lemma
ludo,lemma
pecco,lemma
inmensus,lemma
impietas,lemma
g,lemma
subula,lemma
equus,lemma
comit,lemma
inuicem,lemma
auriga,lemma
cella,lemma
hareno,lemma
incessus,lemma
cyathus,lemma
tignum,lemma
pellicanus,lemma
h,lemma
supplantatio,lemma
iacob,lemma
seculum,lemma
uideo,lemma
cherubin,lemma
indigentia,lemma
eternum,lemma
cypressus,lemma
amica,lemma
tumor,lemma
nauigium,lemma
statera,lemma
intendo,lemma
hirundo,lemma
subleuo,lemma
tango,lemma
initium,lemma
iustitia,lemma
mater,lemma
nurus,lemma
purgatio,lemma
damno,lemma
quies,lemma
luna,lemma
abeo,lemma
iaculum,lemma
suscitatio,lemma
fulgurum,lemma
debilitas,lemma
tabernaculum,lemma
iusticia,lemma
arturus,lemma
describo,lemma
gleba,lemma
reportatio,lemma
Alanus,collection
cathedra,lemma
uiuicie,lemma
requiro,lemma
malus,lemma
diuex,lemma
littus,lemma
circuio,lemma
dirigo,lemma
sono,lemma
refero,lemma
zelus,lemma
fluo,lemma
quin,lemma
uellus,lemma
fetus,lemma
crystallus,lemma
illusio,lemma
dolor,lemma
pluuia,lemma
differo,lemma
uiuus,lemma
sacrifitium,lemma
funda,lemma
paciencia,lemma
adam,lemma
eruo,lemma
promitto,lemma
irrisio,lemma
excuto,lemma
sinapi,lemma
despectio,lemma
riuulus,lemma
clamor,lemma
auditus,lemma
assumo,lemma
erubescentia,lemma
inuentio,lemma
apocripha,lemma
ferramentum,lemma
resisto,lemma
dispensatio,lemma
interior,lemma
alienus,lemma
regnum,lemma
remisdo,lemma
adinuentio,lemma
sacerdotium,lemma
fons,lemma
armilla,lemma
uerto,lemma
abluo,lemma
suspensio,lemma
trabes,lemma
stipula,lemma
eicio,lemma
orior,lemma
sartago,lemma
lacerta,lemma
certo,lemma
confessor,lemma
emptio,lemma
hasta,lemma
colloquium,lemma
saluo,lemma
complacentia,lemma
crededo,lemma
sanctitas,lemma
uinculo,lemma
fascino,lemma
genuflexio,lemma
auris,lemma
speculator,lemma
ianua,lemma
reconsecro,lemma
Maurit,collection
communico,lemma
impositio,lemma
mendatium,lemma
placeo,lemma
xps,lemma
trabs,lemma
auarus,lemma
pigricia,lemma
contristatio,lemma
telum,lemma
contritio,lemma
supero,lemma
septenarius,lemma
latrina,lemma
flatus,lemma
craticula,lemma
inuidia,lemma
praedo,lemma
dilatatio,lemma
elemosina,lemma
percutio,lemma
tenebra,lemma
tantum,lemma
status,lemma
maritus,lemma
religiosus,lemma
immolo,lemma
finis,lemma
columba,lemma
interitus,lemma
ueritas,lemma
libanus,lemma
cedo,lemma
scolasticus,lemma
menbrum,lemma
pono,lemma
purpura,lemma
praecedo,lemma
sterno,lemma
exspectatio,lemma
detesto,lemma
adoro,lemma
aufero,lemma
altus,lemma
simulatio,lemma
iudicium,lemma
spero,lemma
totus,lemma
imitor,lemma
natur,lemma
pallium,lemma
secularis,lemma
uacuus,lemma
engado,lemma
tremor,lemma
schema,lemma
flecto,lemma
nouissimum,lemma
induitio,lemma
incensum,lemma
acriter,lemma
heremus,lemma
obediencia,lemma
surgo,lemma
refectio,lemma
propter,lemma
barba,lemma
contemplatiuus,lemma
maxilla,lemma
precedo,lemma
thus,lemma
lux,lemma
correctio,lemma
infans,lemma
pollutio,lemma
tornatilis,lemma
admodum,lemma
deordino,lemma
temperantia,lemma
pulex,lemma
seduco,lemma
statura,lemma
thalamus,lemma
scola,lemma
edificatio,lemma
fundamentum,lemma
separo,lemma
datio,lemma
sagum,lemma
balteus,lemma
uinculum,lemma
pigritia,lemma
audacia,lemma
habitatio,lemma
gaudium,lemma
securitas,lemma
exinanitio,lemma
argenturn,lemma
subeo,lemma
tropus,lemma
suffero,lemma
chrysoprasus,lemma
gloria,lemma
festuca,lemma
insidiae,lemma
hydropicus,lemma
manifestus,lemma
custodia,lemma
deprecor,lemma
pondus,lemma
typus,lemma
ago,lemma
mentor,lemma
doctrina,lemma
t,lemma
bonum,lemma
reuelatio,lemma
numerus,lemma
cophinus,lemma
character,lemma
concentus,lemma
uolutabrum,lemma
sus,lemma
miles,lemma
alias,lemma
luxuria,lemma
uua,lemma
repositio,lemma
alter,lemma
aranea,lemma
testimonium,lemma
uexo,lemma
bestia,lemma
recubitus,lemma
abstinentia,lemma
silicum,lemma
campus,lemma
uetustas,lemma
optimitas,lemma
recuso,lemma
estas,lemma
lex,lemma
plenitudo,lemma
pecunia,lemma
coluber,lemma
mors,lemma
comedo,lemma
predicatio,lemma
harundo,lemma
pharao,lemma
consumatio,lemma
uaco,lemma
taceo,lemma
salsugo,lemma
prelium,lemma
peccator,lemma
mustum,lemma
oleum,lemma
inclinatio,lemma
karitas,lemma
rubrus,lemma
iecur,lemma
fiducia,lemma
apotheca,lemma
imitatio,lemma
condempnatio,lemma
patior,lemma
miluus,lemma
pennula,lemma
ebur,lemma
eleuo,lemma
murenula,lemma
principium,lemma
gallus,lemma
ira,lemma
crater,lemma
uermiculus,lemma
situla,lemma
cuneus,lemma
putatio,lemma
uomer,lemma
iustificacio,lemma
acerus,lemma
uirga,lemma
saliunca,lemma
exaudio,lemma
meritum,lemma
illuminatio,lemma
antrum,lemma
hiems,lemma
ydiota,lemma
carbo,lemma
hymnus,lemma
quadrigesimus,lemma
uuuentus,lemma
caueo,lemma
auaritia,lemma
displiceo,lemma
regius,lemma
purgo,lemma
presumptio,lemma
conqueror,lemma
terrenus,lemma
agricola,lemma
fiala,lemma
iuuenis,lemma
diadema,lemma
porta,lemma
gens,lemma
proprius,lemma
murus,lemma
artifex,lemma
pastus,lemma
serpens,lemma
reformo,lemma
delictum,lemma
esurio,lemma
minuo,lemma
claustralis,lemma
aspersio,lemma
extensio,lemma
suppono,lemma
uitta,lemma
sanctificatio,lemma
homicidium,lemma
demonstratio,lemma
cassia,lemma
scientia,lemma
canistrum,lemma
paulominus,lemma
cera,lemma
parturio,lemma
pluribus,lemma
assigno,lemma
tugurium,lemma
excessus,lemma
operio,lemma
detractio,lemma
sustinentia,lemma
muto,lemma
hyems,lemma
discipulus,lemma
porticus,lemma
septiens,lemma
manus,lemma
ars,lemma
uerua,lemma
relictio,lemma
immaculatio,lemma
planctus,lemma
flamen,lemma
grece,lemma
sporta,lemma
humiliatio,lemma
uestio,lemma
communis,lemma
obumbratio,lemma
uiator,lemma
preputium,lemma
transfiguro,lemma
carninus,lemma
turbatio,lemma
inmortalis,lemma
collatio,lemma
saccus,lemma
fingo,lemma
reperio,lemma
regulus,lemma
discordo,lemma
balteum,lemma
adiuuo,lemma
septiformis,lemma
nauis,lemma
uilla,lemma
stagnum,lemma
c,lemma
granum,lemma
uirginalis,lemma
crocus,lemma
habundo,lemma
predico,lemma
extendo,lemma
nemus,lemma
portunitas,lemma
fornicor,lemma
euuangelicus,lemma
occasus,lemma
leuo,lemma
cisterna,lemma
rupes,lemma
yades,lemma
iris,lemma
ploro,lemma
superhumerale,lemma
caradion,lemma
usque,lemma
inaura,lemma
remissio,lemma
prouoco,lemma
fatuitas,lemma
greek.expression,lemma
symbolum,lemma
pharetra,lemma
diuio,lemma
oratio,lemma
dealbatio,lemma
duricia,lemma
nimis,lemma
perdix,lemma
celebritas,lemma
edus,lemma
siclus,lemma
uoco,lemma
tuba,lemma
commutatio,lemma
strigo,lemma
anxietas,lemma
alitus,lemma
terribilis,lemma
arbor,lemma
felicitas,lemma
diffundo,lemma
bilis,lemma
infligo,lemma
cilicium,lemma
Guido,collection
mutitas,lemma
uitis,lemma
meditatio,lemma
adductio,lemma
aurichalcum,lemma
gurges,lemma
collectio,lemma
adoratio,lemma
saxum,lemma
primitie,lemma
os,lemma
desolatio,lemma
uilitas,lemma
lustrum,lemma
ficus,lemma
calefactio,lemma
paro,lemma
comprehensio,lemma
sero,lemma
sal,lemma
carnalis,lemma
scintilla,lemma
stultus,lemma
capharnaum,lemma
laudabiliter,lemma
esau,lemma
inclino,lemma
christianus,lemma
uirgultum,lemma
tedium,lemma
uix,lemma
uentilabrum,lemma
pugillus,lemma
herodes,lemma
mechor,lemma
perdo,lemma
praecido,lemma
aduersitas,lemma
scarabaeus,lemma
hyssopus,lemma
inimicus,lemma
locus,lemma
meror,lemma
lorica,lemma
conuiuium,lemma
sapio,lemma
memor,lemma
negotiatio,lemma
carnalitas,lemma
intrao,lemma
pyrgus,lemma
fenestra,lemma
humilitas,lemma
humilis,lemma
abutor,lemma
dedicatio,lemma
claudus,lemma
liberatio,lemma
excuso,lemma
senator,lemma
misericors,lemma
meretrix,lemma
cresco,lemma
difficultas,lemma
appeto,lemma
propiciatio,lemma
scandalum,lemma
hermon,lemma
ignis,lemma
magdalena,lemma
caducus,lemma
stractus,lemma
adolescentia,lemma
uitrum,lemma
reductio,lemma
reprehensio,lemma
mundanus,lemma
trinitas,lemma
aromum,lemma
ianitor,lemma
iustificatio,lemma
pasco,lemma
aries,lemma
persona,lemma
parasceue,lemma
ministratio,lemma
pre,lemma
onus,lemma
sollempnizo,lemma
theophania,lemma
calcaneus,lemma
rigatio,lemma
carectum,lemma
erga,lemma
testudo,lemma
lignum,lemma
ouis,lemma
accubitus,lemma
pretiosus,lemma
fulgeo,lemma
compes,lemma
guttur,lemma
kalenda,lemma
paxillus,lemma
rapina,lemma
pater,lemma
stactis,lemma
obsceratio,lemma
opus,lemma
cymbalum,lemma
desiderium,lemma
uulpes,lemma
tympanistrium,lemma
uitulus,lemma
archa,lemma
affligo,lemma
prouidentia,lemma
symphonia,lemma
latine,lemma
mendicitas,lemma
conspectus,lemma
iacinthus,lemma
flumen,lemma
deglutio,lemma
circumcido,lemma
sculptura,lemma
sors,lemma
remuneratio,lemma
altilis,lemma
impetigo,lemma
clausura,lemma
misereor,lemma
septuagesimus,lemma
punctus,lemma
coniugium,lemma
uirgo,lemma
quadrans,lemma
filiatio,lemma
fama,lemma
canis,lemma
sino,lemma
contemplatio,lemma
confusio,lemma
coruus,lemma
uolo,lemma
cardo,lemma
calculus,lemma
penitencia,lemma
adhereo,lemma
continentia,lemma
aquila,lemma
irascor,lemma
consiliarius,lemma
consecutio,lemma
natura,lemma
scorpio,lemma
hinnulus,lemma
bucina,lemma
retho,lemma
nequitia,lemma
luceo,lemma
consentio,lemma
nutus,lemma
tabesco,lemma
aer,lemma
exsurgo,lemma
manna,lemma
curatio,lemma
dies,lemma
superexalto,lemma
roro,lemma
attendo,lemma
f,lemma
pusillus,lemma
bos,lemma
mandragora,lemma
sudor,lemma
secundus,lemma
approbatio,lemma
suauitas,lemma
offensa,lemma
aper,lemma
germen,lemma
detractor,lemma
uter,lemma
signaculum,lemma
nuptia,lemma
zephyrus,lemma
stannum,lemma
arma,lemma
quassatio,lemma
deduco,lemma
punio,lemma
sanguis,lemma
amo,lemma
amigdalum,lemma
coram,lemma
perseuerantia,lemma
conplectior,lemma
ostendo,lemma
committo,lemma
camelus,lemma
suspirium,lemma
sacculus,lemma
ungula,lemma
nuptiae,lemma
scopa,lemma
effectus,lemma
edom,lemma
relinquo,lemma
renis,lemma
rhinoceros,lemma
pomum,lemma
amen,lemma
concubitus,lemma
prefatio,lemma
uigil,lemma
retro,lemma
caementarius,lemma
confirmo,lemma
floreo,lemma
ungo,lemma
roboratio,lemma
capra,lemma
fescennie,lemma
curo,lemma
triplex,lemma
obsideo,lemma
uiuificatio,lemma
sonus,lemma
assiduitas,lemma
estimatio,lemma
uirtus,lemma
aqua,lemma
rufus,lemma
stillio,lemma
unicornis,lemma
contempnio,lemma
pardus,lemma
modius,lemma
mortificatio,lemma
amethystus,lemma
hostia,lemma
semper,lemma
precipio,lemma
fleo,lemma
p,lemma
mensis,lemma
rectifico,lemma
uerus,lemma
orio,lemma
quatuor,lemma
apertio,lemma
acquisitio,lemma
uultur,lemma
melius,lemma
exaltatio,lemma
palm,lemma
candele,lemma
marium,lemma
septuplum,lemma
uester,lemma
apis,lemma
equitas,lemma
argentum,lemma
inflammatio,lemma
perseuerentia,lemma
moab,lemma
titio,lemma
domo,lemma
eligo,lemma
subsanno,lemma
esca,lemma
ulgariter,lemma
eo,lemma
mica,lemma
uiciosus,lemma
membrum,lemma
iuuentus,lemma
sanctus,lemma
penitentia,lemma
mercenarius,lemma
stannus,lemma
illusor,lemma
infirmitas,lemma
leaena,lemma
sacramentum,lemma
rete,lemma
flagitium,lemma
infernus,lemma
motus,lemma
papyrus,lemma
amygdalus,lemma
contemptus,lemma
attenuatio,lemma
gradus,lemma
plantatio,lemma
mel,lemma
emundatio,lemma
regio,lemma
deletio,lemma
refrigerium,lemma
impingatio,lemma
poto,lemma
simplex,lemma
uerber,lemma
saturo,lemma
inuocatio,lemma
dauid,lemma
nummus,lemma
aspis,lemma
turris,lemma
quandoque,lemma
socrus,lemma
stadium,lemma
religio,lemma
fraternitas,lemma
obsecratio,lemma
flos,lemma
reclinatorium,lemma
fortitudo,lemma
actus,lemma
insania,lemma
stragulum,lemma
tigris,lemma
blandicia,lemma
perseueratio,lemma
armo,lemma
profectus,lemma
cathena,lemma
uindemia,lemma
bilibris,lemma
bene,lemma
acus,lemma
putresco,lemma
uernus,lemma
sepulcrum,lemma
cado,lemma
martier,lemma
uinum,lemma
conuiuo,lemma
scapula,lemma
doctor,lemma
insurgo,lemma
peponis,lemma
fossa,lemma
dismissio,lemma
usurpo,lemma
uoluntas,lemma
uanitas,lemma
immundicia,lemma
manduco,lemma
stratum,lemma
callis,lemma
iacinctus,lemma
cicatrix,lemma
caritas,lemma
gressus,lemma
adulter,lemma
lapido,lemma
turpitudo,lemma
translatio,lemma
lesio,lemma
sacer,lemma
profero,lemma
exterminatio,lemma
studium,lemma
superbia,lemma
clerus,lemma
mundicia,lemma
uetustus,lemma
iuuens,lemma
similis,lemma
fides,lemma
electrum,lemma
propugnator,lemma
euge,lemma
etas,lemma
pars,lemma
intra,lemma
quadruplicis,lemma
superatio,lemma
topazion,lemma
concitatio,lemma
impletio,lemma
marsupium,lemma
obesus,lemma
laquearium,lemma
fuga,lemma
simplicitas,lemma
uisitator,lemma
uer,lemma
ueruix,lemma
diuitiae,lemma
lumbus,lemma
beneficium,lemma
melchisedech,lemma
arefio,lemma
hostium,lemma
proicio,lemma
cetus,lemma
turba,lemma
ardor,lemma
agricultura,lemma
hereticus,lemma
dilectus,lemma
cauerna,lemma
capillus,lemma
contemplor,lemma
libertas,lemma
rosa,lemma
habundantia,lemma
custos,lemma
frenum,lemma
zona,lemma
labrum,lemma
forsitan,lemma
squama,lemma
operor,lemma
puericia,lemma
offo,lemma
idiota,lemma
ardeo,lemma
occursus,lemma
caseus,lemma
compassio,lemma
delicia,lemma
myrica,lemma
haabundancia,lemma
cubile,lemma
uocaliter,lemma
superpono,lemma
spiritualiter,lemma
iurgium,lemma
exeo,lemma
oro,lemma
z,lemma
periclitor,lemma
depono,lemma
asinus,lemma
umbilicus,lemma
orbis,lemma
amor,lemma
impius,lemma
uesper,lemma
accusatio,lemma
archanum,lemma
licitus,lemma
sufficientia,lemma
mansio,lemma
humerus,lemma
delectatio,lemma
fiscella,lemma
castitas,lemma
usia,lemma
admirabilis,lemma
spolio,lemma
actio,lemma
deprecatio,lemma
uertigo,lemma
umbra,lemma
collis,lemma
iniquitas,lemma
corruo,lemma
derelinquo,lemma
stercus,lemma
sagena,lemma
decor,lemma
auerto,lemma
iaspis,lemma
zelotes,lemma
securis,lemma
fouea,lemma
leo,lemma
babilone,lemma
repletio,lemma
cupiditas,lemma
propheta,lemma
sponso,lemma
ceruus,lemma
sulcus,lemma
buxus,lemma
obscuritas,lemma
tributum,lemma
uicus,lemma
damascus,lemma
uallis,lemma
occisio,lemma
gigno,lemma
sterto,lemma
conscientia,lemma
uox,lemma
d,lemma
expoliatio,lemma
epulon,lemma
dormitatio,lemma
prodesse,lemma
coma,lemma
increpo,lemma
subuersio,lemma
penitor,lemma
abhominor,lemma
rebellio,lemma
loquela,lemma
gena,lemma
monile,lemma
stilla,lemma
mordeo,lemma
dominium,lemma
cultrus,lemma
dimitto,lemma
imber,lemma
addo,lemma
permaneo,lemma
confidentia,lemma
tectum,lemma
seruo,lemma
mundatio,lemma
clamo,lemma
anathematizatio,lemma
sicut,lemma
priuilegiatus,lemma
israel,lemma
mortuo,lemma
nocs,lemma
absconsio,lemma
dedico,lemma
maius,lemma
spelunca,lemma
binus,lemma
ocium,lemma
galilaeus,lemma
abstineo,lemma
sardonychus,lemma
sacrificium,lemma
tonitrus,lemma
obmutesco,lemma
absintium,lemma
eloquium,lemma
hereditas,lemma
bello,lemma
aula,lemma
compago,lemma
elementum,lemma
morbus,lemma
siliqua,lemma
resticula,lemma
dilatio,lemma
furtum,lemma
clypeus,lemma
priuilegium,lemma
appropinquatio,lemma
archus,lemma
consilium,lemma
uulnus,lemma
duco,lemma
iohhannes,lemma
sera,lemma
idipse,lemma
electio,lemma
male,lemma
sollicitus,lemma
intelligo,lemma
defensio,lemma
pessulum,lemma
retardo,lemma
taciturnitas,lemma
fermentum,lemma
disputatio,lemma
nemo,lemma
produco,lemma
descriptio,lemma
scrutinium,lemma
torno,lemma
dos,lemma
propitiatorium,lemma
domus,lemma
piscator,lemma
excelsus,lemma
adeps,lemma
sacrarium,lemma
ebrietas,lemma
speculum,lemma
inuito,lemma
aresco,lemma
natalis,lemma
angulus,lemma
calor,lemma
deceptio,lemma
comprehendo,lemma
reuerot,lemma
rinoceros,lemma
inferus,lemma
distinctio,lemma
honorifico,lemma
iudex,lemma
percussio,lemma
regredior,lemma
nardus,lemma
retineo,lemma
congrego,lemma
dampno,lemma
malum,lemma
solus,lemma
trutino,lemma
metior,lemma
uolucris,lemma
lauacrum,lemma
quasi,lemma
benedictio,lemma
uictoria,lemma
uber,lemma
differentia,lemma
gemitus,lemma
elo,lemma
lupus,lemma
scrupulus,lemma
sapor,lemma
ieiunus,lemma
purus,lemma
culpabiliter,lemma
caprea,lemma
periculum,lemma
hamus,lemma
saluator,lemma
epiphania,lemma
gemma,lemma
passer,lemma
refugium,lemma
tropologia,lemma
species,lemma
fenus,lemma
merx,lemma
bis,lemma
sedeo,lemma
patientia,lemma
corripio,lemma
angelus,lemma
protectio,lemma
imperatiuus,lemma
mandatum,lemma
intueor,lemma
exigo,lemma
aufferetur,lemma
mola,lemma
r,lemma
spacium,lemma
postulo,lemma
exquisitio,lemma
uxor,lemma
adulterium,lemma
fasciculus,lemma
minister,lemma
iohannes,lemma
actiuus,lemma
auxilium,lemma
promissio,lemma
dampnum,lemma
ltur,lemma
loculus,lemma
anaglypha,lemma
uliua,lemma
quod,lemma
olla,lemma
instruo,lemma
necessarius,lemma
callidus,lemma
lingua,lemma
u,lemma
urbs,lemma
porrigo,lemma
euulsio,lemma
mercator,lemma
munus,lemma
nupcia,lemma
uluuia,lemma
accipiter,lemma
uicinus,lemma
queror,lemma
sanctifico,lemma
spica,lemma
mortuis,lemma
duo,lemma
facula,lemma
amicitia,lemma
sublimis,lemma
nubes,lemma
nidulus,lemma
gratia,lemma
sacerdos,lemma
sagitta,lemma
suggillo,lemma
auster,lemma
lacrima,lemma
sacrifico,lemma
sabbatum,lemma
quadro,lemma
cataclysmus,lemma
parturieo,lemma
stella,lemma
cinis,lemma
utor,lemma
tractatio,lemma
altitudo,lemma
specula,lemma
derisio,lemma
scopo,lemma
ruga,lemma
euigilatio,lemma
byssus,lemma
fremo,lemma
eleuatio,lemma
educo,lemma
tono,lemma
demolitio,lemma
arcturus,lemma
ydropicus,lemma
difficilis,lemma
crudelitas,lemma
femur,lemma
l,lemma
iuncus,lemma
abutens:,lemma
spiritualis,lemma
inundatio,lemma
benedictus,lemma
lamina,lemma
ingredior,lemma
salus,lemma
scirpus,lemma
recogito,lemma
cellarium,lemma
consul,lemma
urna,lemma
considero,lemma
uia,lemma
turtur,lemma
uacillo,lemma
luctus,lemma
uigilia,lemma
uisio,lemma
expono,lemma
s,lemma
pinguedo,lemma
uentilo,lemma
laycus,lemma
nescio,lemma
depressio,lemma
dolosus,lemma
noctua,lemma
blasphemia,lemma
benedico,lemma
plaustrum,lemma
uallo,lemma
tripliciter,lemma
accedo,lemma
dextrarium,lemma
tendo,lemma
miraculum,lemma
haedus,lemma
ebdomada,lemma
legatus,lemma
reseruatio,lemma
conpes,lemma
lubricus,lemma
catholicus,lemma
miseria,lemma
q,lemma
consensus,lemma
chorda,lemma
detraho,lemma
tercius,lemma
negligentia,lemma
ledo,lemma
magus,lemma
congregatio,lemma
uestibulum,lemma
accido,lemma
fel,lemma
ferus,lemma
tarditas,lemma
cherub,lemma
gladius,lemma
zeta,lemma
uiror,lemma
plura,lemma
zizania,lemma
geniee,lemma
manducatio,lemma
scabies,lemma
iota,lemma
simpliciter,lemma
supplanto,lemma
cerastes,lemma
gene,lemma
predicator,lemma
apropinquo,lemma
aduersarius,lemma
fremitus,lemma
dmabolus,lemma
induo,lemma
trituro,lemma
dubito,lemma
redimo,lemma
petra,lemma
diuinus,lemma
recipio,lemma
urgeo,lemma
recidiuatio,lemma
mansuetudo,lemma
generatio,lemma
sanies,lemma
christus,lemma
responsum,lemma
triticum,lemma
caute,lemma
contempno,lemma
planum,lemma
sacietas,lemma
cortex,lemma
sinister,lemma
torreo,lemma
respicio,lemma
uestitus,lemma
malicia,lemma
sensus,lemma
penna,lemma
con,lemma
cano,lemma
peccatum,lemma
comparo,lemma
sudarium,lemma
excussio,lemma
genus,lemma
decalogus,lemma
aduena,lemma
gradio,lemma
basiliscus,lemma
lacrimor,lemma
annus,lemma
euersio,lemma
turpis,lemma
auctoritas,lemma
praelatus,lemma
morsus,lemma
simus,lemma
digitus,lemma
equo,lemma
dispergo,lemma
euangelicus,lemma
ubertas,lemma
idumaeum,lemma
piscatio,lemma
ualiditas,lemma
contamino,lemma
tintinnabulum,lemma
molestia,lemma
hora,lemma
retentio,lemma
excitatio,lemma
ilaritas,lemma
uanus,lemma
stillicidium,lemma
ierichum,lemma
consumo,lemma
ensis,lemma
petrus,lemma
preco,lemma
spolium,lemma
b,lemma
calumpniator,lemma
m,lemma
ciniphes,lemma
biblus,lemma
bruchus,lemma
memoro,lemma
adolescentula,lemma
redemo,lemma
minoratio,lemma
culpabilis,lemma
occultus,lemma
bonitas,lemma
consolatio,lemma
astucia,lemma
zelo,lemma
ablutio,lemma
cubiculum,lemma
cibus,lemma
cribro,lemma
cibarium,lemma
aro,lemma
sustineo,lemma
dimito,lemma
lucta,lemma
cupidus,lemma
sanatio,lemma
desperatio,lemma
uena,lemma
tortor,lemma
condicio,lemma
letania,lemma
iniuria,lemma
toga,lemma
mitto,lemma
mamma,lemma
ferrum,lemma
qualiter,lemma
eiectio,lemma
incus,lemma
interfectio,lemma
tiara,lemma
nasus,lemma
suscipio,lemma
smaragdus,lemma
uelamentum,lemma
curialiter,lemma
dominicus,lemma
regina,lemma
exalto,lemma
anulus,lemma
topazius,lemma
cursus,lemma
troia,lemma
instancia,lemma
dignitas,lemma
ualeo,lemma
obtineo,lemma
excomunicatio,lemma
sedes,lemma
uinco,lemma
cesso,lemma
dissipo,lemma
conuerto,lemma
iesus,lemma
altissimus,lemma
pulcritudo,lemma
coturnix,lemma
usquequo,lemma
luter,lemma
niger,lemma
tibia,lemma
applicatio,lemma
succingo,lemma
grando,lemma
oblatio,lemma
urtica,lemma
murmuro,lemma
timor,lemma
ciuitas,lemma
pleiades,lemma
ursus,lemma
binarius,lemma
proprietas,lemma
fulgor,lemma
sphaerula,lemma
uiduus,lemma
praelo,lemma
aduersus,lemma
hesitatio,lemma
defuncti,lemma
auis,lemma
iudicio,lemma
nigredo,lemma
indolorius,lemma
temporalis,lemma
astrum,lemma
homo,lemma
scriba,lemma
inperfectio,lemma
audax,lemma
iude,lemma
perfectio,lemma
exordium,lemma
impono,lemma
alleluia,lemma
depositum,lemma
tribulatio,lemma
sicio,lemma
hereses,lemma
reuersio,lemma
dispositio,lemma
abundantia,lemma
afflictio,lemma
successio,lemma
uiue,lemma
misterium,lemma
seminator,lemma
sepes,lemma
iudico,lemma
aspicio,lemma
dispersio,lemma
relaxatio,lemma
mirabilus,lemma
gracie,lemma
sepo,lemma
creo,lemma
melior,lemma
baptismus,lemma
unitas,lemma
aureus,lemma
peregrinus,lemma
persecutor,lemma
incarnatio,lemma
paratio,lemma
conuinctio,lemma
uendo,lemma
anathema,lemma
erigo,lemma
Petrus,collection
malleolus,lemma
regimen,lemma
cataracta,lemma
recordatio,lemma
harena,lemma
longe,lemma
eruditio,lemma
tabes,lemma
prolongatio,lemma
redemptio,lemma
proprium,lemma
ruina,lemma
celorum,lemma
lacrimo,lemma
capio,lemma
thuribulum,lemma
quesdeo,lemma
dormio,lemma
morior,lemma
liueo,lemma
ysopus,lemma
honor,lemma
audio,lemma
dextera,lemma
praesepe,lemma
lo,lemma
precipitatio,lemma
scabellum,lemma
uates,lemma
turbo,lemma
maceria,lemma
scriptum,lemma
praeda,lemma
triclinium,lemma
aloe,lemma
nux,lemma
sinceritas,lemma
incommodus,lemma
flagellum,lemma
tumulus,lemma
circumcisio,lemma
principatus,lemma
gemio,lemma
singulariter,lemma
pix,lemma
diluuium,lemma
caligo,lemma
tutor,lemma
gyrus,lemma
langor,lemma
censeo,lemma
durics,lemma
exitus,lemma
obedio,lemma
animal,lemma
rugitus,lemma
retributio,lemma
clauus,lemma
asto,lemma
specus,lemma
susurrium,lemma
diuicia,lemma
tenerus,lemma
ethiopes,lemma
nouem,lemma
paruulus,lemma
scyphus,lemma
uertex,lemma
longitudo,lemma
uicium,lemma
calamus,lemma
deco,lemma
pactum,lemma
telonium,lemma
catulus,lemma
fulminum,lemma
altare,lemma
lucifer,lemma
immitto,lemma
traho,lemma
flamma,lemma
set,lemma
pauor,lemma
stola,lemma
doceo,lemma
cardinalis,lemma
glorificatio,lemma
breuitas,lemma
plausus,lemma
deliciae,lemma
uita,lemma
aura,lemma
ablactatio,lemma
attribuo,lemma
uuluis,lemma
decretum,lemma
nebula,lemma
draco,lemma
latro,lemma
fidelis,lemma
auror,lemma
dux,lemma
nutrio,lemma
cras,lemma
uro,lemma
uoluptas,lemma
mane,lemma
aduersio,lemma
organum,lemma
unguentum,lemma
formo,lemma
odor,lemma
tinum,lemma
euuangelizo,lemma
medulla,lemma
pupillus,lemma
temere,lemma
amissio,lemma
arguo,lemma
aduoco,lemma
concussio,lemma
senex,lemma
canalis,lemma
liquo,lemma
celestis,lemma
euacuatio,lemma
uocalis,lemma
indumentum,lemma
mustela,lemma
qualis,lemma
uulpis,lemma
senectus,lemma
rector,lemma
calumniator,lemma
tanquam,lemma
osculor,lemma
obryzus,lemma
laboro,lemma
conuersatio,lemma
babylon,lemma
aculeus,lemma
relaxo,lemma
supra,lemma
latitudo,lemma
gaudeo,lemma
tinea,lemma
aruinus,lemma
lustratio,lemma
uindicta,lemma
lilium,lemma
liqueo,lemma
laus,lemma
solium,lemma
sulphur,lemma
sentio,lemma
compunctio,lemma
letitia,lemma
irruitio,lemma
transeo,lemma
redargutio,lemma
uocatio,lemma
tetragrammaton,lemma
mentior,lemma
mos,lemma
clipeus,lemma
uelum,lemma
gurgustium,lemma
uehemens,lemma
ascensio,lemma
prosperitas,lemma
dominor,lemma
similago,lemma
sacrus,lemma
claritas,lemma
oportet,lemma
praeparo,lemma
iuro,lemma
triumpho,lemma
gustus,lemma
defungo,lemma
lacryma,lemma
mus,lemma
corrumpo,lemma
proiectio,lemma
ethiops,lemma
animalis,lemma
labor,lemma
platanus,lemma
albugo,lemma
penitere,lemma
calceamentum,lemma
otium,lemma
praeceptum,lemma
amarus,lemma
arripio,lemma
sunamitis,lemma
hircus,lemma
impedio,lemma
purificatio,lemma
respuo,lemma
sagittarius,lemma
abel,lemma
baptisma,lemma
iungo,lemma
inungo,lemma
stilus,lemma
dexterus,lemma
piger,lemma
berillus,lemma
iherusalem,lemma
inicium,lemma
pruina,lemma
uado,lemma
nauicula,lemma
diues,lemma
imago,lemma
fodio,lemma
permitto,lemma
linum,lemma
synodus,lemma
resurrectio,lemma
prelo,lemma
imitator,lemma
restauro,lemma
fulgur,lemma
eruca,lemma
iudea,lemma
subditus,lemma
tumeo,lemma
nihil,lemma
generalis,lemma
iuramentum,lemma
increpatio,lemma
induro,lemma
tentatio,lemma
aurum,lemma
tardo,lemma
suscito,lemma
stylus,lemma
cedr,lemma
fatigatio,lemma
tormentum,lemma
portus,lemma
conuenio,lemma
arula,lemma
gazophylacium,lemma
propheto,lemma
approbo,lemma
pacificus,lemma
corono,lemma
rectus,lemma
agnus,lemma
sileo,lemma
impetus,lemma
sublimitas,lemma
honestas,lemma
commendatio,lemma
processio,lemma
nocumentum,lemma
uici,lemma
praecingo,lemma
medela,lemma
succuro,lemma
seruitus,lemma
funis,lemma
disciplina,lemma
commissio,lemma
familia,lemma
conditio,lemma
uigilo,lemma
usiosis,lemma
ericius,lemma
magnificentia,lemma
sortior,lemma
feneratio,lemma
stabilitas,lemma
uterus,lemma
parco,lemma
concupisco,lemma
ecclesiasticus,lemma
pacificatio,lemma
hodie,lemma
profunditas,lemma
obliuio,lemma
liber,lemma
cellaria,lemma
renouatio,lemma
laudatio,lemma
fletus,lemma
so,lemma
fugio,lemma
rudis,lemma
labium,lemma
uah,lemma
reminiscor,lemma
uoueo,lemma
curuatio,lemma
abundo,lemma
pacientia,lemma
ascensor,lemma
porcus,lemma
rasio,lemma
extra,lemma
uerax,lemma
prepono,lemma
firmitas,lemma
missio,lemma
diuisio,lemma
hyaena,lemma
uagina,lemma
episcopus,lemma
latibulum,lemma
sterilis,lemma
sol,lemma
annulus,lemma
hortus,lemma
buccina,lemma
sindon,lemma
semissis,lemma
ulmus,lemma
fex,lemma
maledictus,lemma
astutia,lemma
diruptio,lemma
sternutatio,lemma
captio,lemma
merces,lemma
nuntius,lemma
baculus,lemma
plutum,lemma
extinguo,lemma
prelatos,lemma
mens,lemma
tegmen,lemma
milicia,lemma
Gorran,collection
confero,lemma
quadragenarius,lemma
soror,lemma
comparatio,lemma
iubilus,lemma
iter,lemma
exprobro,lemma
masculus,lemma
respectus,lemma
thesaurus,lemma
ostium,lemma
calcedonius,lemma
consideratio,lemma
oblectamentum,lemma
ariditas,lemma
exercitus,lemma
uirilitas,lemma
prophetus,lemma
margarita,lemma
compulsio,lemma
concubina,lemma
exspecto,lemma
consurgo,lemma
calco,lemma
magnificatio,lemma
laqueus,lemma
caput,lemma
proximus,lemma
adamas,lemma
unguis,lemma
tristitia,lemma
forceps,lemma
creatura,lemma
crus,lemma
frigus,lemma
certitudo,lemma
nox,lemma
homms,lemma
error,lemma
legatio,lemma
soluo,lemma
genuum,lemma
cogitatio,lemma
seductio,lemma
psallo,lemma
repeto,lemma
primogenitus,lemma
pulso,lemma
arbitror,lemma
pugno,lemma
ambitio,lemma
pene,lemma
genua,lemma
diuersus,lemma
hinnitus,lemma
repello,lemma
rex,lemma
innouatio,lemma
circoncido,lemma
maculo,lemma
respondeo,lemma
moenium,lemma
botrus,lemma
optimas,lemma
nidus,lemma
clericus,lemma
feteo,lemma
reus,lemma
obseruatio,lemma
mercennarius,lemma
noster,lemma
aliquotiens,lemma
odi,lemma
eternitas,lemma
eukaristia,lemma
detentio,lemma
narratio,lemma
dampnatio,lemma
epulo,lemma
cortina,lemma
concordia,lemma
pes,lemma
medicina,lemma
fabula,lemma
preceptum,lemma
presens,lemma
damula,lemma
nego,lemma
semita,lemma
diuiciis,lemma
struthio,lemma
pullus,lemma
lacto,lemma
uespa,lemma
femina,lemma
diabolus,lemma
tilia,lemma
iugum,lemma
tronus,lemma
sustentatio,lemma
patibulum,lemma
candelabrum,lemma
dulcedo,lemma
torqueo,lemma
quidam,lemma
recenseo,lemma
euum,lemma
corona,lemma
gehenna,lemma
inuestigatio,lemma
deiectio,lemma
doleo,lemma
licet,lemma
ethiopia,lemma
emulatio,lemma
nycticorax,lemma
charitas,lemma
funiculus,lemma
scio,lemma
serpentis,lemma
proficio,lemma
cena,lemma
priuilegio,lemma
spoliatio,lemma
semen,lemma
nato,lemma
diuicius,lemma
testamentum,lemma
sirpus,lemma
emissio,lemma
do,lemma
emo,lemma
dorsum,lemma
scrutor,lemma
holocaustum,lemma
apprehensio,lemma
aceruus,lemma
grex,lemma
iustifico,lemma
potestas,lemma
confundo,lemma
nix,lemma
apparitio,lemma
minor,lemma
castus,lemma
lambo,lemma
uiaticum,lemma
caupo,lemma
repetitio,lemma
salex,lemma
lutum,lemma
biothanatus,lemma
naris,lemma
multiplicatio,lemma
confortor,lemma
gallina,lemma
uestis,lemma
quadrus,lemma
leuiathan,lemma
exsisto,lemma
sphera,lemma
eradicatio,lemma
tempestas,lemma
appropinquo,lemma
officium,lemma
affero,lemma
ancilla,lemma
participatio,lemma
chamus,lemma
credo,lemma
cura,lemma
ierusalem,lemma
notitia,lemma
uesica,lemma
medicus,lemma
festinatio,lemma
ratio,lemma
ignorantia,lemma
arundo,lemma
iordanes,lemma
superliminare,lemma
fur,lemma
amao,lemma
ignobilitas,lemma
massa,lemma
duplex,lemma
ieiuno,lemma
concisio,lemma
fortis,lemma
humerulus,lemma
lumbare,lemma
captiuitas,lemma
speciositas,lemma
relinqo,lemma
ultra,lemma
intestinus,lemma
sine,lemma
pateo,lemma
intellectus,lemma
fragmen,lemma
quadruplex,lemma
conceptio,lemma
trulla,lemma
antiphona,lemma
adamasaer,lemma
basis,lemma
primicia,lemma
concupiscentia,lemma
discumbo,lemma
costa,lemma
platea,lemma
paries,lemma
inquisitio,lemma
hostis,lemma
oculus,lemma
mons,lemma
lepra,lemma
